State,District,delta_confirmed,delta_deceased,delta_recovered,delta_vaccinated1,delta_vaccinated2,delta_tested,delta7_confirmed,delta7_deceased,delta7_recovered,delta7_vaccinated1,delta7_vaccinated2,delta7_tested,meta_population,total_confirmed,total_deceased,total_recovered,total_vaccinated1,total_vaccinated2,total_tested
AN,Nicobars,0,0,0,0,0,0,0,0,0,62,811,0,36842,0,0,0,25394,20313,0
AN,North and Middle Andaman,0,0,0,0,8,0,0,0,0,90,1839,0,105597,0,0,0,78945,59522,0
AN,South Andaman,0,0,0,3,28,0,0,0,0,732,8012,0,238142,0,0,0,189662,120322,0
AN,Unknown,0,0,0,0,0,0,3,0,5,0,0,0,0,7651,129,7518,0,0,0
AP,Anantapur,4,0,5,4575,5370,0,38,0,58,92803,140903,0,4083315,157843,1093,156699,2690082,1611476,787085
AP,Chittoor,64,1,87,878,1306,0,516,6,629,63824,119541,0,4170468,246935,1947,244144,2832987,1807873,780322
AP,East Godavari,87,0,121,41,237,0,604,0,520,36973,223236,0,5151549,293836,1290,291610,3532220,1990578,944746
AP,Foreign Evacuees,0,0,0,0,0,0,0,0,0,0,0,0,0,434,0,434,0,0,0
AP,Guntur,33,0,198,1119,1248,0,272,4,619,285377,156818,0,4889230,178068,1237,176629,3440118,1891773,833823
AP,Krishna,46,1,71,51,337,0,422,9,467,75352,230788,0,4529009,119348,1430,117130,2971604,1914927,782232
AP,Kurnool,6,0,3,4716,1538,0,25,0,26,178620,73119,0,4046601,124142,853,123264,2672759,1290419,867361
AP,Other State,0,0,0,0,0,0,0,0,0,0,0,0,0,2461,0,2461,0,0,0
AP,Prakasam,6,0,37,3292,5872,0,103,3,290,137338,130213,0,3392764,138482,1124,136989,2321031,1521177,697340
AP,S.P.S. Nellore,34,1,23,2724,1639,0,155,2,235,96973,114393,0,2966082,146388,1053,144919,2143402,1403240,682964
AP,Srikakulam,19,0,20,2,6,0,132,0,72,18883,129575,0,2699471,123109,786,122136,1630248,974734,670899
AP,Visakhapatnam,27,0,30,1309,2311,0,237,1,227,65301,207340,0,4288113,157737,1127,156492,2999432,1864960,744983
AP,Vizianagaram,7,1,11,601,1855,0,53,1,38,44847,123576,0,2342868,82967,672,82231,1393491,996097,531433
AP,West Godavari,40,0,44,878,1884,0,234,4,246,61021,146562,0,3934782,179077,1117,177680,2525317,1778807,793098
AP,Y.S.R. Kadapa,12,0,25,1005,1101,0,82,0,163,65843,90958,0,2884524,115623,644,114904,1824032,1328711,671761
AR,Anjaw,0,0,0,0,0,0,0,0,0,45,452,0,21089,1068,3,1065,11695,7957,2845
AR,Capital Complex,0,0,0,0,0,0,0,0,0,0,0,0,0,0,0,0,0,0,115210
AR,Changlang,0,0,1,0,0,0,3,0,3,298,3803,0,147951,3807,22,3780,88857,55361,23861
AR,East Kameng,0,0,0,0,1,0,0,0,0,76,409,0,78413,1094,0,1094,22931,15646,7489
AR,East Siang,0,0,5,0,0,0,9,0,10,365,2013,0,99019,3206,17,3183,54001,39434,21867
AR,Kamle,0,0,0,0,0,0,0,0,0,36,185,0,22256,512,0,512,6946,3874,1385
AR,Kra Daadi,0,0,0,0,0,0,0,0,0,5,23,0,0,270,0,270,6275,3272,3218
AR,Kurung Kumey,0,0,0,0,0,0,0,0,0,27,255,0,89717,511,1,510,9121,5601,4201
AR,Lepa Rada,0,0,0,6,54,0,0,0,1,40,307,0,0,874,3,871,13328,10176,6747
AR,Lohit,0,0,0,0,0,0,9,0,3,221,1494,0,145538,2885,26,2851,31120,22003,14945
AR,Longding,0,0,0,0,0,0,1,0,0,46,356,0,60000,752,2,749,19259,7826,10342
AR,Lower Dibang Valley,0,0,0,19,1,0,14,0,3,171,931,0,53986,2426,11,2397,32639,22089,12169
AR,Lower Siang,0,0,0,0,0,0,0,0,0,37,317,0,80597,738,8,730,16565,9990,7070
AR,Lower Subansiri,0,0,0,2,36,0,5,0,2,85,767,0,82839,3036,15,3015,26916,18827,10564
AR,Namsai,0,0,0,0,0,0,4,0,16,209,2436,0,95950,2124,17,2102,63539,47104,19987
AR,Pakke Kessang,0,0,0,0,14,0,0,0,0,25,262,0,0,453,0,453,8004,4998,3327
AR,Papum Pare,1,0,1,0,0,0,7,0,12,1055,3799,0,176385,18316,98,18212,141168,100258,41960
AR,Shi Yomi,0,0,0,0,0,0,1,0,10,2,153,0,13310,262,0,261,6910,5663,2169
AR,Siang,0,0,0,0,0,0,0,0,0,40,197,0,31920,411,3,408,14408,9068,4270
AR,Tawang,0,0,0,0,0,0,12,0,8,91,759,0,49950,2577,20,2533,29553,23287,14224
AR,Tirap,0,0,0,0,0,0,0,0,2,35,631,0,111997,1109,5,1102,31565,21200,14657
AR,Upper Dibang Valley,0,0,0,0,0,0,0,0,1,3,11,0,7948,337,2,335,4156,2603,1910
AR,Upper Siang,0,0,0,0,0,0,0,0,2,38,411,0,35289,1016,1,1015,18594,13671,6564
AR,Upper Subansiri,0,0,0,0,0,0,0,0,0,93,1122,0,83205,1958,6,1952,24842,16390,6217
AR,West Kameng,0,0,7,15,89,0,1,0,21,206,1914,0,87013,3545,14,3518,55710,40321,28155
AR,West Siang,0,0,-5,0,0,0,0,0,3,63,640,0,112272,1868,6,1856,33773,27867,13192
AS,Baksa,0,0,0,39,172,0,0,0,0,2992,15169,0,953773,0,0,0,553967,136574,0
AS,Barpeta,0,0,0,369,1035,0,0,0,0,10495,48544,0,1693190,0,0,0,1095048,448006,0
AS,Biswanath,0,0,0,507,1655,0,0,0,0,5661,35727,0,612491,0,0,0,456088,213437,0
AS,Bongaigaon,0,0,0,85,1287,0,0,0,0,2784,18356,0,732639,0,0,0,493242,183782,0
AS,Cachar,0,0,0,2149,966,0,0,0,0,26826,21591,0,1736319,0,0,0,1101266,402535,0
AS,Charaideo,0,0,0,3,26,0,0,0,0,1853,16868,0,0,0,0,0,309125,111219,0
AS,Chirang,0,0,0,22,89,0,0,0,0,2488,9573,0,481818,0,0,0,288696,102397,0
AS,Darrang,0,0,0,365,270,0,0,0,0,17453,21800,0,908090,0,0,0,596783,183724,0
AS,Dhemaji,0,0,0,55,47,0,0,0,0,3423,15318,0,688077,0,0,0,431792,184251,0
AS,Dhubri,0,0,0,1042,1906,0,0,0,0,12450,25644,0,1948632,0,0,0,945264,229696,0
AS,Dibrugarh,0,0,0,699,4007,0,0,0,0,8869,38695,0,1327748,0,0,0,914640,430800,301657
AS,Dima Hasao,0,0,0,160,59,0,0,0,0,2532,3737,0,213529,0,0,0,116318,62593,0
AS,Goalpara,0,0,0,47,81,0,0,0,0,4013,30725,0,1008959,0,0,0,662016,195521,0
AS,Golaghat,0,0,0,504,2676,0,0,0,0,6525,51417,0,1058674,0,0,0,711564,306745,0
AS,Hailakandi,0,0,0,88,705,0,0,0,0,1724,11247,0,659260,0,0,0,422295,146888,0
AS,Hojai,0,0,0,512,2979,0,0,0,0,6217,36724,0,931218,0,0,0,602504,274035,0
AS,Jorhat,0,0,0,225,2154,0,0,0,0,3383,39677,0,1091295,0,0,0,649267,297724,0
AS,Kamrup,0,0,0,231,253,0,0,0,0,10451,45828,0,1517202,0,0,0,1079092,409628,0
AS,Kamrup Metropolitan,0,0,0,359,1713,0,0,0,0,6625,38155,0,1260419,0,0,0,1246239,875897,0
AS,Karbi Anglong,0,0,0,342,280,0,0,0,0,13744,12778,0,965280,0,0,0,284600,102798,0
AS,Karimganj,0,0,0,331,1382,0,0,0,0,5088,20659,0,1217002,0,0,0,681216,203575,0
AS,Kokrajhar,0,0,0,162,823,0,0,0,0,3935,19711,0,886999,0,0,0,538901,156488,0
AS,Lakhimpur,0,0,0,148,1555,0,0,0,0,5870,42164,0,1040644,0,0,0,681386,301369,0
AS,Majuli,0,0,0,36,166,0,0,0,0,1524,7176,0,167304,0,0,0,117599,82507,0
AS,Morigaon,0,0,0,264,482,0,0,0,0,5298,27861,0,957853,0,0,0,592446,212146,0
AS,Nagaon,0,0,0,758,1481,0,0,0,0,16396,36734,0,2826006,0,0,0,1203831,448081,0
AS,Nalbari,0,0,0,388,1492,0,0,0,0,6785,25411,0,769919,0,0,0,483076,168392,0
AS,Sivasagar,0,0,0,46,714,0,0,0,0,1946,23104,0,1150253,0,0,0,478954,223921,0
AS,Sonitpur,0,0,0,448,2664,0,0,0,0,8341,48290,0,1925975,0,0,0,767841,434213,0
AS,South Salmara Mankachar,0,0,0,260,1288,0,0,0,0,1978,15304,0,555114,0,0,0,239906,76599,0
AS,Tinsukia,0,0,0,6637,1679,0,0,0,0,45002,22410,0,1316948,0,0,0,795057,286170,0
AS,Udalguri,0,0,0,1935,1396,0,0,0,0,17371,19343,0,832769,0,0,0,504439,133919,24661
AS,Unknown,212,1,236,0,0,0,2056,24,2215,0,0,0,0,610645,5997,600974,0,0,0
AS,West Karbi Anglong,0,0,0,312,147,0,0,0,0,4593,4186,0,300320,0,0,0,127612,42942,0
BR,Araria,0,0,0,5177,3067,0,2,0,0,51331,69085,0,2806200,14978,116,14859,1177154,395227,219221
BR,Arwal,0,0,0,262,1360,0,0,0,0,4059,17125,0,700843,7381,74,7307,345175,116424,101624
BR,Aurangabad,0,0,0,1264,2657,0,0,0,0,25561,56431,0,2511243,20011,75,19936,1132482,407913,412007
BR,Banka,0,0,0,2635,3138,0,0,0,0,24239,34077,0,2029339,7379,112,7267,935177,351254,364776
BR,Begusarai,0,0,1,1906,2774,0,2,0,7,33903,65735,0,2954367,27212,457,26754,1430906,480982,213670
BR,Bhagalpur,0,0,1,2122,3458,0,1,0,1,49875,78088,0,3032226,25840,309,25531,1494951,650332,582113
BR,Bhojpur,0,0,0,3232,4879,0,0,0,0,31626,53006,0,2720155,10210,159,10051,1291186,382719,466438
BR,Buxar,0,0,0,1083,2516,0,0,0,0,14794,38792,0,1707643,9248,182,9066,907374,322555,461428
BR,Darbhanga,0,0,0,2858,5306,0,0,0,1,39165,82276,0,3921971,10937,370,10567,1869372,741553,448442
BR,East Champaran,0,0,0,2434,8014,0,2,0,0,29316,84760,0,5082868,19017,430,18585,2498559,1002939,548132
BR,Gaya,0,0,0,1708,1689,0,0,0,1,72504,82490,0,4379383,33952,280,33672,1925234,722746,872359
BR,Gopalganj,0,0,0,5308,8468,0,0,0,1,31750,70093,0,2558037,16685,94,16591,1286763,481968,562654
BR,Jamui,0,0,0,1435,1416,0,0,0,1,24440,24005,0,1756078,9418,106,9312,800488,222093,342005
BR,Jehanabad,0,0,0,498,1617,0,0,0,0,12986,27200,0,1124176,10783,109,10674,498448,184446,492255
BR,Kaimur,0,0,0,1067,2183,0,0,0,0,19996,28681,0,1626900,4984,147,4837,801438,225437,442332
BR,Katihar,0,0,0,2680,2966,0,0,0,1,53448,75733,0,3068149,18145,94,18051,1451838,403046,556438
BR,Khagaria,0,0,0,881,2118,0,0,0,0,15402,32372,0,1657599,10064,88,9976,775019,222012,148340
BR,Kishanganj,3,0,1,1997,1445,0,4,0,2,24597,25592,0,1690948,10128,66,10057,757066,205274,294321
BR,Lakhisarai,0,0,0,595,1005,0,0,0,0,8894,16437,0,1000717,7776,102,7674,461970,138407,332434
BR,Madhepura,0,0,0,2700,4459,0,1,0,0,28832,43563,0,1994618,12547,111,12435,965767,260408,455482
BR,Madhubani,2,0,0,2735,6686,0,3,0,0,28535,69785,0,4476044,18365,339,18023,1974159,680214,715168
BR,Munger,0,0,0,851,2867,0,0,0,1,7445,33005,0,1359054,15111,158,14953,707588,264665,325212
BR,Muzaffarpur,0,0,0,3545,7023,0,0,0,1,40686,80513,0,4778610,31398,621,30777,2253919,717015,722651
BR,Nalanda,0,0,0,2168,1826,0,0,0,0,36716,66091,0,2872523,23432,468,22964,1393762,638181,591346
BR,Nawada,0,0,0,4176,4338,0,1,0,0,46619,35295,0,2216653,10353,178,10174,1062349,274319,322514
BR,Patna,2,0,3,737,2024,0,14,0,8,35436,159875,0,5772804,147007,2334,144651,3421614,2366474,676238
BR,Purnia,0,0,0,2821,1959,0,0,0,0,61212,74531,0,3273127,24427,180,24247,1603099,729224,568756
BR,Rohtas,0,0,0,4911,4149,0,2,0,0,40918,59698,0,2962593,13980,271,13707,1498172,465660,521553
BR,Saharsa,0,0,0,28493,18126,0,0,0,0,106392,80718,0,1897102,17616,134,17482,995618,366567,356327
BR,Samastipur,1,0,1,3216,5157,0,2,0,2,48167,64119,0,4254782,20020,155,19864,1991102,555728,614569
BR,Saran,0,0,2,4149,6693,0,5,0,2,41734,82407,0,3943098,23278,255,23020,1868014,736766,761473
BR,Sheikhpura,0,0,0,345,788,0,0,0,0,4942,10739,0,634927,7693,75,7618,287209,95322,142348
BR,Sheohar,0,0,0,666,1629,0,0,0,2,2946,7111,0,656916,4404,36,4368,300967,108766,199431
BR,Sitamarhi,0,0,0,3873,5476,0,0,0,0,43474,60677,0,3419622,9185,127,9058,1511464,424182,453227
BR,Siwan,0,0,0,1163,4030,0,0,0,0,18385,69069,0,3318176,15195,170,15025,1670590,684755,536438
BR,Supaul,0,0,0,3029,5131,0,0,0,0,35486,71754,0,2228397,17222,129,17093,1069993,369925,456511
BR,Vaishali,0,0,0,1522,2621,0,1,0,0,45426,59038,0,3495021,19827,192,19632,1671469,478638,275884
BR,West Champaran,0,0,0,7525,6316,0,0,0,0,42709,52019,0,3935042,20890,358,20532,1784016,469332,551778
CH,Chandigarh,5,0,3,211,1282,1403,28,0,20,3680,21641,10726,1055450,65351,820,64495,926035,546981,792851
CT,Balod,0,0,0,523,762,0,2,0,1,5983,9451,0,826165,27278,396,26880,537459,271570,2749
CT,Baloda Bazar,0,0,1,953,605,0,0,0,3,25353,17419,0,1305343,43085,471,42611,617777,211945,3816
CT,Balrampur,0,0,0,1654,725,0,0,0,0,21912,17709,0,598855,20302,118,20182,305554,112777,21481
CT,Bametara,1,0,0,25,25,0,1,0,0,14367,7690,0,197035,19963,236,19726,405388,132925,3113
CT,Bastar,2,0,2,82,129,0,24,0,2,10696,9616,0,1302253,21066,188,20845,443759,178775,4522
CT,Bijapur,3,0,1,47,56,0,5,0,3,1251,913,0,229832,8324,55,8263,103247,44245,1239
CT,Bilaspur,1,0,3,2404,9113,0,17,2,8,18318,50320,0,1961922,65681,1210,64448,1031494,525066,9823
CT,Dakshin Bastar Dantewada,1,0,0,143,1299,0,6,0,2,2225,5410,0,533638,10840,25,10809,158243,80855,1168
CT,Dhamtari,0,0,2,1,18,0,2,0,2,6188,7319,0,799199,27239,545,26690,509782,224591,1501
CT,Durg,4,0,6,468,908,0,26,1,18,17012,22719,0,3343079,96880,1798,95028,1012391,525445,5020
CT,Gariaband,0,0,0,440,153,0,1,0,0,9982,5872,0,597653,19701,194,19506,293987,99137,2096
CT,Gaurela Pendra Marwahi,1,0,0,257,297,0,1,0,0,4045,4587,0,0,12011,146,11864,189474,79788,273
CT,Janjgir Champa,2,0,4,1722,1341,0,19,1,8,45568,30991,0,1620632,57636,838,56766,896087,317605,4016
CT,Jashpur,0,0,3,187,383,0,10,0,6,10933,13098,0,852043,27093,212,26867,435884,182747,2542
CT,Kabeerdham,0,0,0,1128,1288,0,1,0,0,17511,17876,0,584667,22771,267,22503,402362,173494,2829
CT,Kondagaon,0,0,0,243,184,0,4,0,1,8359,7999,0,578326,13139,99,13036,317695,100468,1607
CT,Korba,5,0,2,1086,1126,0,23,0,11,24033,24911,0,1206563,54847,580,54228,650457,287588,10034
CT,Koriya,0,1,0,2370,346,0,6,1,0,15621,5751,0,659039,26980,177,26798,375503,128177,2689
CT,Mahasamund,0,0,0,159,6309,0,0,0,1,4416,72466,0,1032275,31365,365,31000,738333,428365,2183
CT,Mungeli,0,0,0,1330,981,0,1,0,2,15254,12880,0,701707,23921,167,23753,282508,109857,2922
CT,Narayanpur,0,0,0,1075,903,0,0,0,1,3057,1858,0,140206,4019,14,4005,53032,19468,804
CT,Other State,1,0,0,0,0,0,4,0,3,0,0,0,0,805,131,666,0,0,0
CT,Raigarh,2,0,4,752,6265,0,8,0,8,5114,122838,0,1493627,62590,978,61597,1074306,967326,5084
CT,Raipur,9,0,3,789,3193,0,33,0,15,10441,40794,0,4062160,158035,3139,154852,1557999,915437,12704
CT,Rajnandgaon,0,0,0,596,650,0,5,0,3,15753,25270,0,1537520,56077,515,55557,1028876,530711,124947
CT,Sukma,0,0,1,140,77,0,1,0,4,3208,5401,0,249000,8066,20,8041,134654,81437,1723
CT,Surajpur,0,0,0,442,322,0,0,0,0,13506,13873,0,660280,29029,224,28805,419247,163526,1830
CT,Surguja,0,0,0,1831,1834,0,2,0,0,29827,33226,0,420661,33673,245,33426,468885,277031,103578
CT,Uttar Bastar Kanker,0,0,0,995,645,0,3,0,1,17930,14621,0,748593,23636,224,23407,405744,171484,2051
DL,Delhi,45,0,46,12482,11839,56751,267,0,239,160323,269146,395086,19814000,1439870,25091,1414431,13055636,7425404,29427753
DN,Dadra and Nagar Haveli,0,0,0,3,18,0,0,0,0,870,6759,0,343709,5920,3,5910,387772,183553,44813
DN,Daman,0,0,1,0,0,0,0,0,2,1880,6793,0,191173,3543,1,3516,234202,155547,19338
DN,Diu,0,0,0,0,0,0,0,0,0,52,690,0,52074,1218,0,1218,38779,31153,8259
GA,North Goa,0,0,0,1070,5967,0,0,0,0,4007,23958,0,817761,0,0,0,600586,424066,0
GA,South Goa,0,0,0,1492,6405,0,0,0,0,4401,22504,0,639962,0,0,0,661972,487016,0
GA,Unknown,23,0,53,0,0,0,222,6,409,0,0,0,0,178108,3364,174392,0,0,0
GJ,Ahmedabad,4,0,2,1765,11394,0,22,0,14,47316,169891,0,7208200,238334,3411,234889,5961594,3439921,2556492
GJ,Amreli,0,0,0,399,3792,0,0,0,0,5473,39398,0,1513614,10810,102,10708,927389,551970,212265
GJ,Anand,0,0,0,4876,2866,0,6,0,1,33012,46764,0,2090276,9637,49,9581,1471865,935893,171851
GJ,Aravalli,0,0,0,2,106,0,0,0,0,1439,32201,0,1051746,5186,78,5108,717964,522361,122182
GJ,Banaskantha,0,0,0,390,3521,0,0,0,0,16080,82985,0,3116045,13631,162,13469,2140492,1157901,218527
GJ,Bharuch,0,0,0,1539,2936,0,0,0,0,21270,45926,0,1550822,11426,118,11308,1217587,669742,156057
GJ,Bhavnagar,1,0,0,359,1470,0,1,0,0,19467,81374,0,2877961,21447,301,21143,1680398,986097,392834
GJ,Botad,0,0,0,13,235,0,0,0,0,929,14235,0,656005,2218,42,2176,378232,228691,98559
GJ,Chhota Udaipur,0,0,0,4,818,0,0,0,0,699,19920,0,1071831,3395,38,3357,635695,420157,93838
GJ,Dahod,0,0,0,8,1930,0,0,0,0,626,53547,0,2126558,9955,38,9917,1499052,631818,218259
GJ,Dang,0,0,0,2,1,0,0,0,0,4140,3726,0,226769,866,18,848,156334,59262,31921
GJ,Devbhumi Dwarka,0,0,0,315,373,0,0,0,0,4666,24924,0,752484,4175,82,4093,504501,309771,80424
GJ,Gandhinagar,0,0,0,69,367,0,0,0,0,5475,36333,0,1387478,20754,205,20549,1175562,706208,292598
GJ,Gir Somnath,0,0,0,912,15,0,2,0,2,8524,15341,0,1217477,8570,67,8499,845224,363467,121948
GJ,Jamnagar,0,0,1,367,1366,0,5,0,3,9406,37158,0,2159130,34978,478,34494,1111813,653950,307911
GJ,Junagadh,2,0,0,62,1232,0,6,0,2,2660,71531,0,2742291,20505,272,20226,1316479,733025,199699
GJ,Kheda,0,0,0,124,2105,0,0,0,1,11668,73838,0,2298934,10439,48,10391,1454344,893742,218140
GJ,Kutch,0,0,0,15,351,0,5,0,1,8920,49662,0,2090313,12631,145,12474,1412923,680232,267060
GJ,Mahisagar,0,0,0,1,929,0,0,0,0,62,16517,0,994624,8194,72,8122,815594,459520,122796
GJ,Mehsana,0,0,0,71,723,0,0,0,1,7523,48550,0,2027727,24419,177,24242,1405786,869969,229904
GJ,Morbi,0,0,0,31,118,0,0,0,0,9950,20297,0,960329,6502,87,6415,674000,308840,157321
GJ,Narmada,0,0,0,2,12,0,0,0,2,546,13890,0,590379,5955,15,5940,413260,279684,76134
GJ,Navsari,0,0,1,62,2009,0,5,0,13,1852,29095,0,1330711,7215,24,7181,948673,647484,129099
GJ,Other State,0,0,0,0,0,0,0,0,0,0,0,0,0,162,3,159,0,0,108
GJ,Panchmahal,0,0,0,80,1246,0,0,0,0,7294,44832,0,2388267,11770,70,11700,1105110,626003,160981
GJ,Patan,0,0,0,20,259,0,0,0,0,3369,37745,0,1342746,11624,129,11495,850462,533438,169059
GJ,Porbandar,0,0,0,48,1062,0,0,0,0,1140,13063,0,586062,3486,19,3467,419364,256377,97912
GJ,Rajkot,0,0,7,43,153,0,7,0,7,17510,53546,0,3157676,57976,725,57243,2227111,1255012,731251
GJ,Sabarkantha,0,0,0,66,1181,0,1,0,0,4232,45789,0,2427346,9317,157,9159,1000517,596705,182090
GJ,Surat,4,0,4,2525,7090,0,38,1,30,35083,115694,0,4996391,143874,1956,141885,4781894,2529712,1938229
GJ,Surendranagar,0,0,0,51,647,0,0,0,0,18641,79795,0,1755873,8121,136,7985,1113845,715931,201153
GJ,Tapi,0,0,0,14,111,0,0,0,0,3010,23409,0,806489,4441,24,4417,527345,303297,92524
GJ,Vadodara,6,0,2,437,12194,0,36,0,14,16527,182027,0,3639775,78159,788,77335,2612578,1940514,695670
GJ,Valsad,3,0,6,84,46,0,25,1,25,6616,36430,0,1703068,6405,53,6308,1232139,704675,155380
HP,Bilaspur,11,0,12,6,329,0,133,0,77,695,15071,0,382056,14374,85,14120,323204,234916,39738
HP,Chamba,0,0,2,146,1749,0,27,0,13,1439,18796,0,518844,13687,160,13492,364258,198146,53505
HP,Hamirpur,11,0,50,0,32,0,288,4,228,713,26076,0,454293,17379,287,16741,377332,269143,46407
HP,Kangra,40,1,108,2,23,0,657,10,454,2399,39940,0,1507223,50818,1125,48872,1182563,725754,94910
HP,Kinnaur,0,0,1,0,0,0,2,0,6,95,517,0,84298,3507,38,3465,79673,63209,6730
HP,Kullu,0,0,3,0,0,0,19,0,18,889,9323,0,437474,9692,158,9496,351261,203549,12012
HP,Lahaul and Spiti,0,0,0,0,0,0,0,0,0,30,412,0,31528,2953,18,2935,31920,20986,540
HP,Mandi,4,0,5,99,2275,0,140,3,141,1156,26214,0,999518,31606,448,30983,775242,479355,41895
HP,Shimla,4,0,9,20,1688,0,100,3,66,2224,37351,0,813384,27549,641,26786,678341,412640,32922
HP,Sirmaur,0,0,0,52,1185,0,1,0,0,1388,22247,0,530164,15456,211,15244,423793,209631,42564
HP,Solan,4,0,2,33,493,0,25,0,27,1393,21242,0,576670,22817,314,22472,691163,339630,57200
HP,Una,11,0,6,24,396,0,145,0,124,824,16782,0,521057,14268,253,13804,434945,286819,52905
HR,Ambala,0,0,0,100,587,0,2,0,1,3021,25458,0,1136784,30150,509,29639,873020,571772,206003
HR,Bhiwani,0,0,0,578,2454,0,0,0,0,6166,25664,0,1629109,22409,652,21757,741251,317765,176225
HR,Charkhi Dadri,0,0,0,2,35,0,0,0,2,941,11884,0,502276,5078,139,4939,364599,262184,58525
HR,Faridabad,1,0,0,818,1577,0,18,0,7,17515,30156,0,1798954,99902,716,99157,1658940,840997,504970
HR,Fatehabad,0,0,0,30,37,0,0,0,0,1800,7458,0,941522,17875,481,17394,574546,201763,27456
HR,Gurugram,7,0,8,264,1637,0,55,0,48,20221,48107,0,1514085,181428,922,180454,2193114,1377160,742619
HR,Hisar,0,0,0,58,111,0,2,0,0,5821,12364,0,1742815,53995,1136,52857,994213,332162,322039
HR,Jhajjar,0,0,0,569,996,0,1,0,0,8229,19599,0,956907,18849,328,18514,684511,293496,186853
HR,Jind,0,0,0,490,567,0,1,0,0,13366,21662,0,1332042,21209,533,20675,704573,250859,11157
HR,Kaithal,0,0,0,69,149,0,0,0,2,4183,11836,0,1072861,11244,346,10898,615168,217439,11687
HR,Karnal,1,0,0,617,217,0,1,0,0,8109,23328,0,1506323,40037,552,39484,1000120,451876,185147
HR,Kurukshetra,0,0,0,55,199,0,1,0,1,4064,9522,0,964231,22147,357,21789,610380,248125,198881
HR,Mahendragarh,0,0,0,205,529,0,0,0,0,4857,10632,0,921680,21689,155,21534,576527,264911,143253
HR,Nuh,0,0,0,2433,583,0,0,0,0,10812,3789,0,1089406,5014,123,4890,354422,78081,93389
HR,Palwal,0,0,0,358,259,0,0,0,0,7558,9496,0,1040493,11025,153,10872,608874,221786,139809
HR,Panchkula,1,0,2,127,1033,0,10,0,12,1786,10743,0,558890,30770,378,30379,456675,279951,118725
HR,Panipat,1,0,0,375,1054,0,1,0,0,7950,12888,0,1202811,31150,638,30510,830805,273172,58863
HR,Rewari,0,0,0,83,353,0,0,0,4,2550,9877,0,896129,20327,221,20106,648724,294989,151363
HR,Rohtak,0,0,0,311,953,0,0,0,1,11409,17219,0,1058683,25903,534,25350,674649,305282,25894
HR,Sirsa,0,0,0,47,92,0,3,0,2,4263,8228,0,1295114,29282,508,28771,786205,278920,150193
HR,Sonipat,0,0,0,785,2190,0,0,0,1,9421,21065,0,1480080,47138,254,46884,989125,411915,238963
HR,Yamunanagar,0,0,0,102,185,0,0,0,6,6471,16554,0,1214162,24631,414,24215,831598,340196,196131
JH,Bokaro,0,0,0,3236,4363,0,15,0,13,27554,34375,0,2061918,19461,286,19170,994497,333330,11798
JH,Chatra,0,0,0,909,1813,0,0,0,0,5946,11402,0,1042304,6033,53,5977,454807,126700,0
JH,Deoghar,0,0,0,985,2299,0,2,0,1,9801,19008,0,1491879,10835,113,10721,569167,230458,6951
JH,Dhanbad,0,0,1,2811,3597,0,24,0,13,33374,34095,0,2682662,16589,382,16196,1185934,446946,0
JH,Dumka,0,0,1,1460,2659,0,2,0,2,12679,22872,0,1321096,4636,47,4589,638722,229944,5400
JH,East Singhbhum,0,0,3,1925,4669,0,47,2,42,11994,29238,0,2291032,51974,1046,50907,1424376,661091,0
JH,Garhwa,0,0,1,4770,3027,0,6,0,7,17210,15386,0,1322387,6895,94,6801,456056,148421,0
JH,Giridih,0,0,0,2411,3577,0,0,0,0,16994,29823,0,2445203,8964,130,8834,994417,301193,11132
JH,Godda,0,0,0,906,1883,0,1,0,1,7385,16537,0,1311382,5840,87,5753,527710,198198,10980
JH,Gumla,0,0,0,465,744,0,5,0,0,4900,8696,0,1025656,9900,38,9857,387738,156364,0
JH,Hazaribagh,0,0,0,678,1243,0,3,0,3,11940,21857,0,1734005,19593,186,19404,865943,317137,0
JH,Jamtara,0,0,0,973,1373,0,4,1,3,9614,12331,0,790207,5599,61,5534,381155,137216,2880
JH,Khunti,0,0,0,354,367,0,0,0,0,3335,3834,0,530299,7820,96,7724,227503,107053,3852
JH,Koderma,0,0,0,45,235,0,0,0,0,3393,11488,0,717169,12872,136,12736,363078,140609,0
JH,Latehar,0,0,0,1158,773,0,0,0,0,9565,7719,0,725673,7871,57,7814,294989,84919,0
JH,Lohardaga,0,0,0,188,166,0,0,0,2,3444,3563,0,461738,6709,88,6621,173109,63130,7526
JH,Pakur,0,0,0,3009,2636,0,0,0,0,9945,9107,0,899200,2552,12,2539,378048,108941,6429
JH,Palamu,0,0,0,5270,6713,0,0,0,0,21657,37375,0,1936319,12294,110,12184,788026,311074,0
JH,Ramgarh,0,0,0,645,944,0,7,0,0,5306,10927,0,949159,13923,197,13714,522017,185442,0
JH,Ranchi,10,0,2,4743,4594,0,182,0,228,35099,38856,0,2912022,86116,1585,84495,1512114,656001,0
JH,Sahibganj,0,0,0,1336,947,0,0,0,0,10449,13687,0,1150038,4834,42,4792,430948,132560,5029
JH,Saraikela-Kharsawan,0,0,0,682,490,0,0,0,0,11215,12399,0,1063458,7207,67,7137,505417,167980,161796
JH,Simdega,0,0,0,67,189,0,0,0,0,1694,4126,0,599813,7193,92,7101,277357,112059,0
JH,Unknown,0,0,0,0,0,0,-166,0,-70,0,0,0,0,0,0,0,0,0,0
JH,West Singhbhum,0,0,0,895,962,0,5,0,5,12587,16980,0,1501619,13054,133,12918,630437,225607,0
JK,Anantnag,2,0,2,69,4677,0,10,0,12,1472,30949,0,1070144,16603,205,16378,759605,402717,0
JK,Bandipora,1,0,0,12,639,0,13,0,19,349,6835,0,385099,9814,102,9693,303665,154345,0
JK,Baramulla,10,0,6,42,2327,0,96,0,64,1665,29357,0,1015503,24613,282,24196,776258,450002,0
JK,Budgam,10,0,10,113,2657,0,63,0,53,1409,22456,0,735753,23844,207,23548,592075,319587,0
JK,Doda,2,0,0,74,1079,0,18,0,26,1065,19212,0,409576,7869,133,7704,313983,158751,0
JK,Ganderbal,7,0,2,33,1116,0,31,0,12,370,9271,0,297003,10436,79,10313,227349,133812,0
JK,Jammu,3,0,6,86,593,0,20,0,37,4121,16781,0,1526406,53324,1145,52145,1168448,610537,0
JK,Kathua,0,0,0,108,2053,0,0,1,5,1867,22270,0,615711,9327,152,9175,482584,249588,0
JK,Kishtwar,0,0,0,85,320,0,1,0,0,3948,3385,0,230696,4819,44,4773,164754,78041,0
JK,Kulgam,1,0,2,39,1610,0,2,0,5,632,20244,0,422786,11489,117,11367,401091,202260,0
JK,Kupwara,5,0,4,165,8743,0,25,0,25,3959,42820,0,875564,14463,166,14268,673594,348327,0
JK,Pulwama,4,0,0,24,1414,0,5,0,5,1021,16829,0,570060,15512,194,15309,430622,244300,139552
JK,Punch,0,0,0,45,3190,0,7,0,14,695,27765,0,476820,6482,98,6371,386098,234540,0
JK,Rajouri,0,0,0,56,752,0,4,0,7,1247,9544,0,619266,11272,237,11031,498787,241407,0
JK,Ramban,1,0,0,155,829,0,3,0,0,1498,10369,0,283313,6043,67,5971,220690,147086,0
JK,Reasi,0,0,2,240,1808,0,4,0,10,1644,15636,0,314714,6626,43,6575,244379,133971,0
JK,Samba,0,0,0,40,468,0,0,0,2,1207,6224,0,318611,7152,120,7032,280700,122554,0
JK,Shopiyan,0,0,0,6,302,0,0,0,0,139,7669,0,265960,5607,58,5549,203036,95122,0
JK,Srinagar,49,0,45,394,11547,0,305,2,274,2788,80075,0,1269751,75539,846,74242,957347,592016,0
JK,Udhampur,0,0,0,76,700,0,4,0,2,2420,14763,0,555357,11415,137,11275,425945,227785,0
KA,Bagalkote,0,0,0,823,98,0,0,0,0,57683,22844,0,1890826,35178,333,34843,1188016,613422,49851
KA,Ballari,0,0,2,2415,483,0,9,0,14,54006,84805,0,2532383,97763,1689,95961,1758198,864065,402407
KA,Belagavi,6,0,1,427,825,0,20,1,21,39701,98350,0,4778439,79900,938,78879,3165252,1386668,396565
KA,Bengaluru Rural,3,0,3,118,994,0,23,2,27,5196,22700,0,987257,62005,890,61073,700825,385704,240277
KA,Bengaluru Urban,137,7,204,2109,11462,0,1165,37,1093,48836,247281,0,9588910,1251872,16281,1229059,9219875,5903791,6883888
KA,Bidar,0,0,0,408,740,0,0,0,5,13739,30558,0,1700018,24340,400,23936,929776,515993,67689
KA,Chamarajanagara,0,0,4,25,399,0,6,0,15,2102,36658,0,1020962,33001,500,32469,647951,351940,5156
KA,Chikkaballapura,2,1,0,16,22,0,11,3,8,4700,19860,0,1254377,43951,429,43501,852473,497674,15089
KA,Chikkamagaluru,3,0,4,14,29,0,28,0,93,4830,13010,0,1137753,51126,395,50662,737417,346002,5467
KA,Chitradurga,3,0,3,2340,1956,0,17,0,12,45062,47252,0,1660378,36666,206,36412,1020280,618156,4393
KA,Dakshina Kannada,24,0,20,139,858,0,192,9,193,5124,38765,0,2083625,115478,1680,113515,1531107,848253,131281
KA,Davanagere,2,0,1,16,33,0,10,1,11,7079,28149,0,1946905,50989,608,50359,1016827,495371,17483
KA,Dharwad,0,1,3,459,323,0,4,3,10,24515,35313,0,1846993,60970,1315,59639,1212295,561504,137696
KA,Gadag,0,0,0,1176,167,0,0,0,0,12373,16257,0,1065235,26066,319,25747,691646,328477,8904
KA,Hassan,26,0,28,37,123,0,147,5,125,5434,26697,0,1776221,111785,1256,110294,1224599,614828,10800
KA,Haveri,1,0,1,2,7,0,1,1,2,8794,36386,0,1598506,21947,644,21301,999178,383705,11714
KA,Kalaburagi,3,0,0,1631,1001,0,9,0,5,35135,44220,0,2564892,61926,819,61087,1323039,641641,409596
KA,Kodagu,11,0,7,26,202,0,112,0,67,1558,12680,0,554762,37095,329,36616,385482,212033,143982
KA,Kolar,2,0,5,748,1088,0,18,3,31,13745,34211,0,1540231,46916,638,46266,991957,625918,91924
KA,Koppal,0,0,0,116,321,0,1,0,5,16045,33794,0,1391292,35198,521,34660,814373,411092,8708
KA,Mandya,8,0,2,8,123,0,48,0,36,5411,28944,0,1808680,73753,650,73029,1189318,659066,14874
KA,Mysuru,33,2,34,798,1258,0,234,7,247,46664,111457,0,2994744,179167,2416,176447,2141764,1239770,107338
KA,Other State,0,0,0,0,0,0,0,0,0,0,0,0,0,36,3,33,0,0,0
KA,Raichur,0,0,1,151,433,0,1,0,4,19900,34897,0,1924773,39973,331,39641,1021603,448501,21011
KA,Ramanagara,0,0,0,11,61,0,8,2,10,6303,28767,0,1082739,24204,320,23869,754463,469335,103399
KA,Shivamogga,3,0,0,417,957,0,30,0,66,23220,47086,0,1755512,69444,1088,68239,1162073,535447,48760
KA,Tumakuru,17,0,12,1842,3742,0,136,1,112,31038,66650,0,2681449,120836,1127,119420,1672730,881580,106564
KA,Udupi,2,0,6,16,137,0,49,0,75,2422,27889,0,1177908,76718,489,76181,919074,529427,86092
KA,Uttara Kannada,6,0,4,11,155,0,66,0,48,3955,32067,0,1353299,56218,766,55339,980496,505589,13833
KA,Vijayapura,0,0,0,340,583,0,2,0,2,59571,50033,0,2175102,36267,495,35764,1535235,634270,25108
KA,Yadgir,0,0,0,108,62,0,0,0,2,18060,15460,0,1172985,27545,207,27337,708887,348094,221485
KL,Alappuzha,270,1,455,65,502,0,2035,228,2526,5337,51712,0,2121943,316160,1862,313515,1518055,855411,0
KL,Ernakulam,1046,11,918,573,1977,0,7647,742,8539,13018,91762,0,3279860,602800,3555,583842,2953482,1759232,0
KL,Idukki,550,1,195,26,208,0,2876,71,1866,2211,27218,0,1107453,147118,519,140292,859116,481911,237691
KL,Kannur,304,0,451,38,325,0,2611,301,3143,7636,71089,0,2525637,275264,2325,269475,1891004,959656,392136
KL,Kasaragod,137,0,147,389,1861,0,1054,31,1082,4942,24290,0,1302600,138815,617,134824,910194,521754,0
KL,Kollam,592,0,848,13,215,0,4753,161,6283,7368,62100,0,2629703,390872,2451,383923,1951077,1047951,0
KL,Kottayam,506,5,155,11,125,0,4187,101,1611,5298,58083,0,1979384,322484,1356,315759,1477425,841596,0
KL,Kozhikode,742,23,760,55,449,0,5386,513,5059,11449,57479,0,3089543,527346,3374,519030,2341296,1154561,955060
KL,Malappuram,334,48,560,152,523,0,2634,108,2929,20840,52896,0,4110956,567584,2576,562111,2833303,1103557,469850
KL,Palakkad,339,16,423,37,397,0,2560,175,2544,8712,57261,0,2810892,373839,2881,364351,1989222,950909,226562
KL,Pathanamthitta,447,2,406,149,1275,0,2953,122,2635,2637,29343,0,1195537,193406,1076,184979,1048352,677224,306034
KL,Thiruvananthapuram,878,1,754,418,2986,0,7056,118,4851,9284,89297,0,3307284,463977,4996,448304,2578575,1562343,436661
KL,Thrissur,753,59,38,107,977,0,5751,388,3647,8853,87643,0,3110327,523260,3575,515481,2295947,1305873,639055
KL,Wayanad,269,0,329,12,243,0,1823,30,1691,2223,32359,0,816558,125732,518,121295,659451,436359,211953
LA,Kargil,0,0,0,0,3,0,4,0,0,205,748,0,143000,3619,58,3556,87221,64300,37471
LA,Leh,11,0,9,0,0,0,54,0,28,320,785,0,147000,17343,150,17131,121577,87980,72597
LD,Lakshadweep,0,0,0,0,4,31,0,0,0,69,796,1625,64473,10365,51,10270,55129,45951,263541
MH,Ahmednagar,138,2,11,535,661,0,866,26,728,44180,28319,0,4543083,339457,7043,330122,2468837,881402,11077
MH,Akola,0,0,1,576,200,0,3,0,7,26579,10081,0,1818617,58764,1425,57318,760099,357931,0
MH,Amravati,1,0,0,112,66,0,3,0,0,29961,21747,0,2887826,96231,1594,94618,1241168,548807,0
MH,Aurangabad,27,0,0,759,246,0,156,1,157,46323,34109,0,3695928,155331,4251,150615,1772420,723304,11800
MH,Beed,12,0,7,411,473,0,69,5,35,34333,24584,0,2585962,103749,2806,100803,1145382,485615,111488
MH,Bhandara,0,0,0,7,13,0,0,0,1,5080,16415,0,1198810,60080,1123,58945,825867,421585,54195
MH,Buldhana,3,0,1,402,153,0,16,1,16,34272,24089,0,2588039,85520,797,84710,1136679,512944,115874
MH,Chandrapur,2,0,0,54,24,0,7,0,0,22248,18994,0,2194262,88968,1560,87387,1335017,458690,199809
MH,Dhule,0,0,0,121,230,0,5,0,4,23261,19364,0,2048781,46172,654,45501,1007007,476051,90092
MH,Gadchiroli,0,0,0,424,255,0,2,0,5,14790,10994,0,1071795,30440,669,29735,540319,231208,11993
MH,Gondia,0,0,0,32,45,0,2,0,3,8593,23092,0,1322331,40519,569,39941,888961,469980,130146
MH,Hingoli,0,0,0,459,166,0,0,0,3,42054,16145,0,1178973,18475,506,17949,537442,201000,6797
MH,Jalgaon,0,0,2,6,19,0,4,0,11,37870,21599,0,4224442,139934,2714,137178,2085101,699544,429198
MH,Jalna,0,0,0,121,16,0,15,0,47,112537,35713,0,1958483,60615,1209,59382,1081253,413822,117047
MH,Kolhapur,12,0,5,152,337,0,55,2,115,19104,23088,0,3874015,206671,5847,200699,2536731,1043329,0
MH,Latur,5,1,0,4676,1424,0,39,3,0,82644,33519,0,2455543,92133,2437,89608,1182476,507616,0
MH,Mumbai,308,3,429,2725,2540,0,2242,34,2604,98915,219736,0,12442373,756749,16247,733318,9115615,5564204,2789713
MH,Nagpur,4,0,5,3039,3360,0,35,0,43,58567,71818,0,4653171,493607,9128,484334,3006439,1460890,382083
MH,Nanded,2,0,3,8820,2618,0,28,0,22,144423,41697,0,3356566,90409,2658,87721,1560558,560812,117319
MH,Nandurbar,0,0,0,738,178,0,2,0,1,19572,12517,0,1646177,40006,948,39054,723850,342054,37740
MH,Nashik,60,3,32,2116,473,0,456,12,519,143768,58112,0,6109052,410681,8679,401418,3471046,1299122,498397
MH,Osmanabad,16,0,3,5549,1039,0,89,1,154,44954,11658,0,1660311,67828,1963,65577,803192,308210,109450
MH,Other State,0,0,0,0,0,0,0,0,0,0,0,0,0,144,111,31,0,0,0
MH,Palghar,28,0,6,863,1749,0,204,0,326,32112,39231,0,2990116,138013,3282,134309,1869199,678741,319724
MH,Parbhani,0,0,1,4016,1361,0,13,1,9,44477,20480,0,1835982,52362,1233,51078,905874,378183,110937
MH,Pune,245,0,300,2900,4885,0,1536,20,5294,85256,136336,0,9426959,1154776,19594,1131401,7843130,4264808,97127
MH,Raigad,26,0,34,326,1214,0,267,10,359,21737,31684,0,2635394,195958,4551,190759,1859507,774913,304088
MH,Ratnagiri,8,0,14,83,224,0,91,4,160,10880,7924,0,1612672,78950,2478,76292,920151,388703,0
MH,Sangli,19,0,0,128,120,0,155,4,375,11974,19041,0,2820575,209771,5613,203673,1810980,802877,0
MH,Satara,35,1,4,225,298,0,157,17,501,16690,30950,0,3003922,250414,6428,243482,1963730,865197,312742
MH,Sindhudurg,12,0,6,-1,1,0,91,4,259,3915,5195,0,848868,52783,1434,50987,524896,279051,0
MH,Solapur,51,4,7,5956,1381,0,253,11,370,77398,34204,0,4315527,210466,5551,204364,2242339,690069,629266
MH,Thane,153,6,525,3664,5578,0,1241,44,3002,108643,120708,0,11060148,610128,11462,597141,5484839,2751182,1229625
MH,Wardha,2,0,2,18,65,0,5,0,4,16481,14040,0,1296157,57344,1217,55956,755863,314899,52365
MH,Washim,1,0,0,1016,516,0,4,0,5,30932,19238,0,1196714,41663,637,41020,579042,321710,0
MH,Yavatmal,2,0,1,2588,697,0,6,0,7,56233,26091,0,2775457,75967,1798,74159,1211321,496306,141551
ML,East Garo Hills,0,0,1,0,0,0,5,0,2,482,1424,0,317618,1867,13,1844,47655,20648,0
ML,East Jaintia Hills,0,0,0,0,0,0,2,0,3,483,2964,0,122436,2430,31,2395,64432,33259,0
ML,East Khasi Hills,14,1,18,0,17,0,171,2,286,1847,10698,0,824059,41025,987,39754,318381,225526,0
ML,North Garo Hills,1,0,0,0,0,0,3,0,2,596,3614,0,118325,1685,8,1674,62675,28288,0
ML,Ribhoi,1,0,3,15,65,0,14,0,23,884,3492,0,258380,9697,89,9584,92049,48460,0
ML,South Garo Hills,0,0,0,13,67,0,0,0,1,329,1346,0,142574,1216,12,1203,40103,18937,0
ML,South West Garo Hills,0,0,1,0,0,0,3,0,3,924,4509,0,172495,1872,17,1852,73397,39210,0
ML,South West Khasi Hills,0,0,0,0,0,0,6,0,1,61,552,0,110152,2548,17,2525,33372,17117,0
ML,West Garo Hills,3,0,1,7,32,0,8,0,11,1409,8093,0,642923,9027,72,8943,209662,119725,0
ML,West Jaintia Hills,1,0,0,0,0,0,11,2,31,411,3480,0,270352,6803,133,6642,84529,47646,0
ML,West Khasi Hills,2,0,27,1,20,0,33,0,97,443,1763,0,385601,5457,71,5330,77018,43000,0
MN,Bishnupur,0,0,0,0,0,0,0,0,0,685,8679,0,240363,0,0,0,128902,64791,0
MN,Chandel,0,0,0,5,134,0,0,0,0,98,1337,0,144028,0,0,0,26634,15197,0
MN,Churachandpur,0,0,0,27,370,0,0,0,0,345,3560,0,271274,0,0,0,104247,62208,13542
MN,Imphal East,0,0,0,183,1268,0,0,0,0,2402,19169,0,452661,0,0,0,251626,148953,0
MN,Imphal West,0,0,0,74,841,0,0,0,0,1861,17353,0,514683,0,0,0,308782,199404,0
MN,Jiribam,0,0,0,0,0,0,0,0,0,70,1927,0,43818,0,0,0,27911,17262,0
MN,Kakching,0,0,0,0,0,0,0,0,0,214,2450,0,135481,0,0,0,84702,49653,0
MN,Kamjong,0,0,0,75,371,0,0,0,0,129,736,0,45616,0,0,0,10502,5370,0
MN,Kangpokpi,0,0,0,73,26,0,0,0,0,291,1472,0,0,0,0,0,39027,19015,0
MN,Noney,0,0,0,29,388,0,0,0,0,98,1211,0,0,0,0,0,16798,9819,0
MN,Pherzawl,0,0,0,0,52,0,0,0,0,55,711,0,47250,0,0,0,12417,9888,0
MN,Senapati,0,0,0,105,291,0,0,0,0,425,1940,0,354772,0,0,0,28247,18288,0
MN,Tamenglong,0,0,0,53,76,0,0,0,0,174,1204,0,140143,0,0,0,19931,10361,0
MN,Tengnoupal,0,0,0,14,183,0,0,0,0,93,1176,0,0,0,0,0,26209,12163,0
MN,Thoubal,0,0,0,1,22,0,0,0,0,378,6574,0,420517,0,0,0,141308,62279,0
MN,Ukhrul,0,0,0,66,258,0,0,0,0,362,1775,0,183115,0,0,0,22193,14759,0
MN,Unknown,63,1,62,0,0,0,439,10,652,0,0,0,0,123731,1921,121102,0,0,0
MP,Agar Malwa,0,0,0,12,107,0,0,0,0,965,16911,0,0,3303,68,3235,424846,128822,0
MP,Alirajpur,0,0,0,10,40,0,0,0,0,921,8076,0,728677,3505,48,3453,369571,114601,0
MP,Anuppur,0,0,0,73,1328,0,0,0,0,995,18360,0,749521,9238,89,9140,481238,164712,3424
MP,Ashoknagar,0,0,0,10,131,0,0,0,0,1258,17334,0,844979,3670,57,3613,550087,186066,55792
MP,Balaghat,2,0,0,25,342,0,2,0,0,15838,71692,0,1701156,9100,64,9017,1278183,549643,9654
MP,Barwani,0,0,0,76,542,0,0,0,0,1615,16619,0,1385659,8366,90,8267,788872,225336,41588
MP,Betul,0,0,0,22,547,0,1,0,0,2361,31953,0,1575247,12905,277,12590,1042931,343674,68036
MP,Bhind,0,0,0,29,1176,0,0,0,0,1525,30042,0,1703562,2995,32,2960,1034374,351065,44395
MP,Bhopal,2,0,0,66,646,0,38,0,0,4130,38750,0,2368145,123552,972,122121,2012966,1168682,245166
MP,Burhanpur,0,0,0,49,138,0,0,0,0,762,6561,0,756993,2568,39,2529,493618,220909,13040
MP,Chhatarpur,0,0,0,56,1310,0,0,0,0,3103,27937,0,1762857,7609,91,7506,1093616,336309,50518
MP,Chhindwara,0,0,0,18,261,0,2,0,0,4654,93453,0,2090306,6734,120,6612,1624355,591843,79090
MP,Damoh,0,0,0,39,982,0,0,0,0,4298,52314,0,1263703,8120,186,7841,844557,326505,16564
MP,Datia,0,0,0,521,10316,0,0,0,0,1963,45226,0,786375,6959,78,6874,560238,296233,40322
MP,Dewas,0,0,0,11,386,0,0,0,0,1804,22992,0,1563107,7723,51,7672,1005266,477219,96155
MP,Dhar,1,0,0,39,306,0,7,0,0,5034,83699,0,2184672,12572,130,12388,1371226,536214,62597
MP,Dindori,0,0,0,4,96,0,0,0,0,1342,21481,0,704218,4623,29,4588,481366,186341,3557
MP,Guna,0,0,0,630,5023,0,0,0,0,3347,32837,0,1240938,5132,44,5085,821399,284155,40229
MP,Gwalior,0,0,0,531,1715,0,2,0,0,8800,41193,0,2030543,53106,633,52427,1452149,730150,206696
MP,Harda,0,0,0,14,210,0,0,0,0,1075,24810,0,570302,5055,96,4954,394641,159293,36708
MP,Hoshangabad,0,0,0,10,206,0,0,0,0,1498,39507,0,1240975,10688,99,10570,865566,369945,46294
MP,Indore,8,0,0,76,894,0,39,0,0,4233,45203,0,3272335,153230,1391,151410,2951024,1728945,780266
MP,Jabalpur,0,0,0,726,19681,0,3,0,0,5968,156306,0,2460714,50779,670,49896,1957070,1099359,293923
MP,Jhabua,0,0,0,50,222,0,1,0,0,3578,21040,0,1024091,7691,64,7619,607542,185320,52146
MP,Katni,0,0,0,57,879,0,0,0,0,2926,42360,0,1291684,9366,120,9242,865274,306259,56828
MP,Khandwa,0,0,0,0,0,0,0,0,0,880,13668,0,1309443,4044,94,3946,862885,310248,17090
MP,Khargone,0,0,0,922,5304,0,0,0,0,3049,32932,0,1872413,13970,239,13716,1147444,411114,38413
MP,Mandla,0,0,0,6,72,0,0,0,0,2286,53670,0,1053522,5188,25,5159,684882,246724,0
MP,Mandsaur,0,0,0,4,130,0,0,0,0,2058,37337,0,1339832,8637,84,8552,948065,330902,52733
MP,Morena,0,0,0,50,1667,0,0,0,0,2814,112629,0,1965137,8236,95,8135,1295658,582833,90967
MP,Narsinghpur,0,0,0,10,224,0,5,0,0,1266,34365,0,1092141,11209,81,11115,803225,318284,90600
MP,Neemuch,0,0,0,16,359,0,0,0,0,970,17955,0,825958,7926,84,7828,579489,229183,57292
MP,Niwari,0,0,0,0,0,0,0,0,0,0,0,0,0,3715,48,3654,0,0,22574
MP,Panna,0,0,0,144,985,0,0,0,0,2633,18657,0,1016028,7331,63,7250,600823,168120,0
MP,Raigarh,0,0,0,0,0,0,0,0,0,0,0,0,0,1,0,0,0,0,0
MP,Raisen,0,0,0,39,222,0,0,0,0,1644,22044,0,1331699,9238,194,9030,885585,333022,44343
MP,Rajgarh,1,0,0,10,144,0,1,0,0,2483,41531,0,1546541,8729,172,8490,1025584,450099,46604
MP,Ratlam,0,0,0,14,251,0,0,0,0,1894,51080,0,1454483,17860,385,17438,1026416,457972,51736
MP,Rewa,0,0,0,85,1574,0,0,0,0,6664,104963,0,2363744,16433,155,16270,1639826,674779,22690
MP,Sagar,2,0,0,23,343,0,2,0,0,6321,60800,0,2378295,16622,390,16154,1563245,760746,64801
MP,Satna,0,0,0,37,303,0,0,0,0,3426,40519,0,2228619,11965,133,11829,1532585,481540,28159
MP,Sehore,0,0,0,5,256,0,0,0,0,2325,32101,0,1311008,10136,73,10057,909045,396375,45061
MP,Seoni,0,0,0,15,402,0,0,0,0,2162,38081,0,1378876,6775,28,6739,945564,341871,15024
MP,Shahdol,0,0,0,20,426,0,0,0,0,857,22928,0,1064989,10085,118,9958,723227,337272,18177
MP,Shajapur,0,0,0,43,851,0,0,0,0,1971,51596,0,1512353,6349,74,6273,620316,278912,56805
MP,Sheopur,0,0,0,236,1788,0,0,0,0,1338,16952,0,687952,4000,78,3919,413195,140296,31449
MP,Shivpuri,0,0,0,883,13988,0,0,0,0,3082,38901,0,1725818,12398,125,12261,1109976,391707,47270
MP,Sidhi,0,0,0,58,512,0,0,0,0,1867,19145,0,1126515,9219,87,9132,679862,226632,4660
MP,Singrauli,0,0,0,43,305,0,1,0,0,3052,21200,0,1178132,8801,82,8706,740335,224966,0
MP,Tikamgarh,0,0,0,60,297,0,0,0,0,3331,24497,0,1444920,6863,114,6742,919592,293885,43011
MP,Ujjain,0,0,0,27,1323,0,1,0,0,4210,65566,0,1986864,18903,172,18720,1452247,836514,31631
MP,Umaria,0,0,0,9,93,0,0,0,0,955,28084,0,643579,6294,63,6224,455492,196492,54811
MP,Unknown,0,0,8,0,0,0,0,1,74,0,0,0,0,1416,1493,1632,0,0,0
MP,Vidisha,0,0,0,11,253,0,0,0,0,1222,26130,0,1458212,11922,237,11677,975291,349024,65935
MZ,Aizawl,361,1,365,0,0,0,1996,6,3014,443,3740,0,404054,75111,300,71337,315706,239593,0
MZ,Champhai,33,0,40,0,0,0,299,3,319,344,572,0,125370,5188,11,4745,74122,55251,0
MZ,Hnahthial,1,0,29,0,0,0,143,0,185,0,0,0,0,1020,3,857,0,0,0
MZ,Khawzawl,2,0,0,0,0,0,42,0,26,0,0,0,0,733,0,688,0,0,0
MZ,Kolasib,10,0,2,0,0,0,94,0,154,153,738,0,83054,7721,30,7561,50525,33101,0
MZ,Lawngtlai,14,0,13,129,0,0,98,1,245,2765,1838,0,117444,6740,23,6553,55877,25870,0
MZ,Lunglei,71,0,36,0,0,0,662,1,507,263,1493,0,154094,9842,27,9053,95129,73298,0
MZ,Mamit,19,0,0,0,0,0,241,5,265,228,1322,0,85757,4854,12,4448,43678,28873,0
MZ,Saiha,0,1,37,0,39,0,107,5,345,68,1116,0,56366,5469,14,5304,34626,19984,0
MZ,Saitual,3,0,21,0,0,0,30,0,53,0,0,0,0,471,2,420,0,0,0
MZ,Serchhip,65,0,67,0,0,0,386,0,572,36,431,0,64875,4210,10,3646,41932,36047,0
NL,Dimapur,3,1,13,-1,2,0,68,2,73,2827,12731,0,379769,14684,421,13471,268405,175502,47020
NL,Kiphire,0,0,0,61,124,0,2,0,1,116,357,0,74033,258,9,246,13017,8141,1002
NL,Kohima,4,0,0,0,0,0,23,0,24,509,3038,0,270063,9461,123,9095,105758,82602,33986
NL,Longleng,0,0,0,0,0,0,0,0,7,26,181,0,50593,307,2,286,20577,15446,1193
NL,Mokokchung,3,0,2,0,0,0,23,2,5,146,2026,0,193171,2333,54,2186,69198,54730,3976
NL,Mon,0,0,0,20,28,0,1,0,0,243,1864,0,259604,1159,14,1124,70054,48331,12278
NL,Peren,0,0,0,1,29,0,1,0,1,189,613,0,163294,920,6,897,19956,12514,5717
NL,Phek,0,0,0,21,168,0,4,0,1,99,496,0,163294,601,18,568,31241,20746,2779
NL,Tuensang,1,0,6,41,122,0,2,1,28,106,525,0,414801,1094,12,1077,38130,26725,4887
NL,Wokha,0,0,0,11,232,0,6,0,4,122,1074,0,166239,402,11,361,35138,23577,1390
NL,Zunheboto,0,0,0,36,106,0,0,1,0,331,807,0,141014,623,15,593,38077,22337,2131
OR,Angul,1,0,3,9,38,0,16,2,20,21629,23378,0,1271703,43920,393,43506,786278,291800,172873
OR,Balangir,0,0,0,0,0,0,4,0,15,20119,39059,0,1648574,23397,126,23257,960786,299153,87867
OR,Balasore,5,0,14,929,519,0,67,1,80,78274,35314,0,2317419,40787,299,40389,1351099,534318,9843
OR,Bargarh,0,0,1,169,30,0,18,0,16,52192,32028,0,1478833,31126,335,30762,829092,283966,0
OR,Bhadrak,3,0,7,0,17,0,44,1,39,14511,38206,0,1506522,26480,150,26260,1026493,367945,258173
OR,Boudh,0,0,0,496,1585,0,0,0,4,7009,16754,0,439917,12634,112,12488,259325,92297,496
OR,Cuttack,54,0,29,2729,1129,0,277,1,304,75381,45717,0,2618708,94631,857,93404,1434524,702278,5720
OR,Deogarh,2,0,3,1,136,0,41,0,10,1126,4779,0,312164,6553,50,6460,223405,63727,682
OR,Dhenkanal,5,0,0,92,104,0,25,0,16,18302,23327,0,1192948,19871,243,19598,738406,282859,179477
OR,Gajapati,5,0,0,296,1193,0,15,0,11,4770,10942,0,575880,9657,84,9555,288963,115535,715
OR,Ganjam,8,0,2,438,1848,0,22,0,18,27002,112716,0,3520151,33849,485,33342,2214981,1698328,750442
OR,Jagatsinghpur,9,0,12,-2,2,0,76,1,78,28276,25051,0,1136604,27920,316,27510,677675,272499,46648
OR,Jajpur,9,0,8,2,9,0,75,0,73,30726,37471,0,1826275,43735,172,43461,1087735,383313,53956
OR,Jharsuguda,3,0,0,0,0,0,13,0,10,7187,14725,0,579499,23863,176,23673,399523,189682,1663
OR,Kalahandi,2,0,0,1476,537,0,15,0,1,38214,26926,0,1573054,24314,210,24082,921185,304778,1458
OR,Kandhamal,0,0,0,847,529,0,0,0,5,12881,12319,0,731952,11537,83,11453,384009,150737,1516
OR,Kendrapara,8,0,8,1452,1179,0,62,1,52,28635,34297,0,1439891,24860,252,24545,916169,347854,382732
OR,Kendujhar,1,0,2,483,613,0,4,2,3,25529,46488,0,1802777,20980,175,20798,1087285,376311,474504
OR,Khordha,250,2,243,568,1482,0,1492,8,1654,34733,49859,0,2246341,175335,1552,171938,2063646,1502538,0
OR,Koraput,1,0,2,935,2024,0,11,0,20,13011,35701,0,1376934,19137,78,19044,860773,399063,1401
OR,Malkangiri,0,0,3,2497,2000,0,2,0,4,13449,16141,0,612727,11667,49,11613,391790,137925,1841
OR,Mayurbhanj,19,1,8,2985,654,0,126,5,93,86170,36315,0,2513895,40844,286,40416,1222153,413698,3307
OR,Nabarangapur,0,0,0,0,0,0,1,0,2,13213,18025,0,1218762,23549,86,23461,675601,188457,162154
OR,Nayagarh,2,0,3,29,117,0,28,1,24,7145,22575,0,962215,23505,212,23261,593612,222606,1104
OR,Nuapada,1,0,3,6,58,0,36,0,5,3391,14721,0,606490,22924,84,22803,402248,129685,310
OR,Puri,15,1,7,2991,6548,0,68,1,69,25187,40854,0,1697983,45431,459,44903,1078666,523160,173340
OR,Rayagada,6,0,3,537,2019,0,18,0,16,5781,16558,0,961959,20224,167,19981,549767,184420,578
OR,Sambalpur,13,0,24,574,1479,0,88,0,113,8960,31518,0,1044410,31651,240,31315,768989,418110,2007
OR,State Pool,53,0,57,0,0,0,338,0,401,0,0,0,0,32048,0,31587,0,0,0
OR,Subarnapur,0,0,0,0,0,0,5,0,3,8102,31803,0,652107,13187,61,13115,418336,192102,0
OR,Sundargarh,13,0,8,824,340,0,59,0,71,19935,22587,0,2080664,61841,594,61167,1122762,490428,0
PB,Amritsar,4,0,1,232,251,0,23,2,9,23376,18084,0,2490891,47379,1598,45757,1263073,446487,89227
PB,Barnala,0,0,0,629,291,0,2,0,0,9552,5253,0,596294,5950,244,5696,328464,104197,63447
PB,Bathinda,1,0,0,110,182,0,15,0,8,8246,6940,0,1388859,41728,1042,40668,623604,202311,118489
PB,Faridkot,1,0,1,154,241,0,7,0,7,3048,4201,0,618008,13927,315,13602,330654,128653,23635
PB,Fatehgarh Sahib,0,0,0,9,17,0,2,1,1,2513,4804,0,599814,8876,335,8538,354921,135247,68436
PB,Fazilka,1,0,1,249,177,0,8,0,4,8408,5707,0,1180483,20271,528,19729,490080,131519,63589
PB,Ferozepur,4,0,3,130,73,0,13,0,9,4483,4723,0,2026831,14347,504,13832,476343,128043,74880
PB,Gurdaspur,0,0,0,459,351,0,3,1,3,18212,26825,0,2299026,22381,801,21576,862133,415351,249039
PB,Hoshiarpur,2,1,2,87,211,0,10,2,12,6567,17487,0,1582793,30822,986,29828,1000636,574716,221261
PB,Jalandhar,1,0,1,167,507,0,20,1,12,13877,22309,0,2181753,63396,1496,61864,1433553,681370,443735
PB,Kapurthala,0,0,0,93,174,0,2,0,7,5387,6146,0,817668,17852,556,17294,465285,187476,38658
PB,Ludhiana,0,0,4,327,276,0,16,1,24,41184,30055,0,3487882,87608,2106,85484,2473646,943401,514691
PB,Mansa,0,0,0,128,166,0,0,0,1,5340,4111,0,768808,15606,380,15226,372366,89830,26878
PB,Moga,0,0,0,9,7,0,1,0,8,5076,6757,0,992289,8675,233,8440,541556,178908,77307
PB,Pathankot,6,0,1,52,278,0,20,0,7,1762,6090,0,626154,18814,419,18373,424889,196822,29112
PB,Patiala,0,0,2,239,526,0,6,0,15,7659,10721,0,2892282,48927,1358,47561,1051467,396473,273344
PB,Rupnagar,2,0,3,88,202,0,20,0,7,1965,5708,0,683349,12963,423,12517,384637,182919,97745
PB,S.A.S. Nagar,3,0,5,95,425,0,18,0,21,4914,9234,0,986147,68821,1068,67726,872096,402212,41532
PB,Sangrur,1,0,1,219,157,0,3,0,3,13224,9058,0,1654408,15762,875,14884,730511,218820,166332
PB,Shahid Bhagat Singh Nagar,0,0,0,54,78,0,1,0,1,2473,4917,0,614362,11469,388,11080,392113,172294,77715
PB,Sri Muktsar Sahib,0,0,0,91,149,0,2,0,0,3942,5830,0,902702,18784,524,18257,473193,142901,67979
PB,Tarn Taran,0,0,0,251,127,0,0,0,3,8846,8145,0,1120070,8043,380,7659,597303,178839,111446
PY,Karaikal,6,0,9,2,22,0,53,0,63,763,2980,0,200222,16488,250,16150,111152,57491,73142
PY,Mahe,10,0,10,0,0,0,58,0,46,109,1003,0,41816,5867,47,5744,34018,25943,42415
PY,Puducherry,22,0,25,159,477,0,163,0,202,7191,15005,0,950289,98885,1453,97171,558708,305464,425639
PY,Yanam,0,0,1,8,31,0,4,0,4,259,1082,0,55626,6773,107,6661,30079,15489,26727
RJ,Ajmer,0,0,0,110,1101,0,6,0,8,9133,56199,0,2584913,37769,410,37352,1752308,1042482,261215
RJ,Alwar,0,0,0,376,1002,0,0,0,0,21681,29417,0,3671999,59694,307,59387,2237787,1029095,291879
RJ,BSF Camp,0,0,0,0,0,0,0,0,0,0,0,0,0,85,0,85,0,0,0
RJ,Banswara,0,0,0,986,1105,0,0,0,0,10612,22206,0,1798194,10005,104,9901,1024293,525793,48781
RJ,Baran,0,0,0,44,212,0,1,0,0,6599,15157,0,1223921,11996,61,11934,763006,297741,46168
RJ,Barmer,0,0,0,64,247,0,1,0,0,5670,16673,0,2604453,15563,185,15377,1455732,621465,113868
RJ,Bharatpur,0,0,0,59,176,0,0,0,0,10069,22595,0,2549121,19601,260,19341,1351114,590401,201441
RJ,Bhilwara,0,0,0,161,1752,0,0,0,0,5405,26146,0,2410459,29781,156,29625,1525323,723691,148764
RJ,Bikaner,0,0,1,76,275,0,2,0,1,6565,17712,0,2367745,40339,545,39792,1461174,714590,278302
RJ,Bundi,0,0,0,424,1216,0,0,0,0,12488,24243,0,1113725,7967,48,7919,709316,362835,58167
RJ,Chittorgarh,0,0,0,21,43,0,0,0,0,6118,29167,0,1544392,19809,139,19670,978713,482350,116002
RJ,Churu,0,0,0,5,32,0,0,0,0,5483,26038,0,2041172,16720,107,16613,1301558,582443,131700
RJ,Dausa,0,0,0,182,1072,0,0,0,0,5627,29672,0,1637226,13351,62,13289,941513,395584,61680
RJ,Dholpur,0,0,1,45,83,0,0,0,2,4270,11868,0,1207293,11010,48,10962,660103,279501,121308
RJ,Dungarpur,0,0,0,90,246,0,0,0,0,6673,19241,0,1388906,18407,131,18276,737200,349762,121917
RJ,Evacuees,0,0,0,0,0,0,0,0,0,0,0,0,0,61,0,61,0,0,0
RJ,Ganganagar,0,0,0,749,1957,0,1,0,0,11153,29478,0,1969520,19354,150,19203,1278952,525137,80706
RJ,Hanumangarh,0,0,0,72,478,0,0,0,0,5057,30733,0,1779650,16053,111,15942,1230511,588688,82542
RJ,Italians,0,0,0,0,0,0,0,0,0,0,0,0,0,2,0,2,0,0,0
RJ,Jaipur,2,0,0,570,1871,0,16,0,9,24518,63582,0,6663971,187804,1970,185816,4582410,2189042,968783
RJ,Jaisalmer,0,0,0,199,474,0,0,0,0,2951,9700,0,672008,13639,66,13573,416014,194163,80082
RJ,Jalore,0,0,0,309,738,0,0,0,0,9304,26896,0,1830151,10067,72,9995,987519,393953,184172
RJ,Jhalawar,0,0,0,359,2133,0,0,0,0,2527,16443,0,1411327,13612,187,13425,922646,363082,97163
RJ,Jhunjhunu,0,0,0,267,1682,0,0,0,0,7946,42099,0,2139658,14811,158,14653,1449967,787196,123433
RJ,Jodhpur,0,0,0,26,93,0,0,0,3,7707,22507,0,3685681,112412,1103,111308,2263325,1036743,600959
RJ,Karauli,0,0,0,1578,993,0,0,0,0,19063,20813,0,1458459,7156,70,7086,813922,395700,64481
RJ,Kota,0,0,0,170,2306,0,0,0,0,2612,26626,0,1950491,57053,449,56603,1269245,655588,355509
RJ,Nagaur,0,0,0,636,3335,0,0,0,0,6806,36157,0,3309234,17737,177,17560,2077555,1016874,229822
RJ,Other State,0,0,0,0,0,0,0,0,0,0,0,0,0,189,39,150,0,0,0
RJ,Pali,0,0,0,704,3089,0,0,0,1,7082,26853,0,2038533,27324,287,27037,1200554,513058,179463
RJ,Pratapgarh,0,0,0,39,298,0,0,0,0,1130,25717,0,868231,7143,63,7080,655140,345189,52208
RJ,Rajsamand,0,0,0,345,988,0,0,0,0,4092,14945,0,1158283,17044,169,16875,691497,299553,91975
RJ,Sawai Madhopur,0,0,0,268,844,0,0,0,2,8475,18843,0,1338114,10618,61,10557,756544,347992,84683
RJ,Sikar,0,0,0,39,130,0,0,0,0,4520,20308,0,2677737,30618,335,30283,1838263,821713,165042
RJ,Sirohi,0,0,0,480,589,0,0,0,0,9007,15482,0,1037185,13732,79,13653,610090,348789,84616
RJ,Tonk,0,0,0,48,268,0,0,0,0,2623,16223,0,1421711,9498,92,9406,884688,419023,74225
RJ,Udaipur,0,0,0,1169,2727,0,0,0,0,16803,51655,0,3067549,56405,753,55652,1715072,854773,251522
SK,East Sikkim,0,0,0,0,0,0,0,0,0,528,10519,0,281293,0,0,0,263526,229361,0
SK,North Sikkim,0,0,0,0,0,0,0,0,0,23,447,0,43354,0,0,0,33137,27820,0
SK,South Sikkim,0,0,0,0,0,0,0,0,0,164,2223,0,146742,0,0,0,121481,105432,0
SK,Unknown,21,1,8,0,0,0,79,2,76,0,0,0,0,31979,396,31063,0,0,0
SK,West Sikkim,0,0,0,0,0,0,0,0,0,67,855,0,136299,0,0,0,103619,88896,0
TG,Adilabad,0,0,0,165,138,0,0,0,0,11894,12694,0,708952,0,0,0,376263,89337,0
TG,Bhadradri Kothagudem,0,0,0,1570,1314,0,0,0,0,30988,31905,0,1304811,0,0,0,599183,204318,0
TG,Hyderabad,0,0,0,3334,5427,0,0,0,0,48855,123025,0,3441992,0,0,0,3150245,1893217,0
TG,Jagtial,0,0,0,0,0,0,0,0,0,50253,17153,0,983414,0,0,0,580926,190526,0
TG,Jangaon,0,0,0,2637,363,0,0,0,0,20821,11508,0,582457,0,0,0,327527,128207,0
TG,Jayashankar Bhupalapally,0,0,0,125,262,0,0,0,0,4191,23712,0,712257,0,0,0,262313,127108,0
TG,Jogulamba Gadwal,0,0,0,496,253,0,0,0,0,23908,6281,0,664971,0,0,0,306919,59886,0
TG,Kamareddy,0,0,0,320,78,0,0,0,0,14692,16918,0,972625,0,0,0,557684,183176,0
TG,Karimnagar,0,0,0,65,486,0,0,0,0,12731,45384,0,1016063,0,0,0,657167,384862,0
TG,Khammam,0,0,0,789,1134,0,0,0,0,41893,68994,0,1401639,0,0,0,856707,333812,0
TG,Komaram Bheem,0,0,0,569,136,0,0,0,0,17465,4048,0,515835,0,0,0,275644,51593,0
TG,Mahabubabad,0,0,0,3715,1107,0,0,0,0,36700,27419,0,1318110,0,0,0,468199,172007,0
TG,Mahabubnagar,0,0,0,609,184,0,0,0,0,32811,19635,0,0,0,0,0,482547,150640,0
TG,Mancherial,0,0,0,65,27,0,0,0,0,22489,15600,0,807037,0,0,0,480069,170258,0
TG,Medak,0,0,0,704,589,0,0,0,0,34422,25162,0,767428,0,0,0,458648,140778,0
TG,Medchal Malkajgiri,0,0,0,5804,8370,0,0,0,0,54568,93893,0,2542203,0,0,0,2149958,1317832,0
TG,Mulugu,0,0,0,71,85,0,0,0,0,4190,10660,0,294671,0,0,0,186104,76648,0
TG,Nagarkurnool,0,0,0,730,18,0,0,0,0,30265,5469,0,893308,0,0,0,464888,106589,0
TG,Nalgonda,0,0,0,859,448,0,0,0,0,105864,33747,0,1631399,0,0,0,891308,254218,0
TG,Narayanpet,0,0,0,585,48,0,0,0,0,14266,3428,0,566874,0,0,0,288388,50219,0
TG,Nirmal,0,0,0,744,255,0,0,0,0,16044,8396,0,709415,0,0,0,378315,130107,0
TG,Nizamabad,0,0,0,276,42,0,0,0,0,67852,21328,0,1534428,0,0,0,858574,250862,0
TG,Peddapalli,0,0,0,79,40,0,0,0,0,18954,19908,0,795332,0,0,0,463510,201940,0
TG,Rajanna Sircilla,0,0,0,10,100,0,0,0,0,7398,17056,0,546121,0,0,0,372065,144680,0
TG,Ranga Reddy,0,0,0,217,1168,0,0,0,0,76853,93482,0,2551731,0,0,0,2348542,1291404,0
TG,Sangareddy,0,0,0,7628,3083,0,0,0,0,77693,32539,0,1527628,0,0,0,851395,299316,0
TG,Siddipet,0,0,0,197,187,0,0,0,0,35164,25015,0,993376,0,0,0,582450,242462,0
TG,Suryapet,0,0,0,20,1,0,0,0,0,38975,24793,0,1099560,0,0,0,610724,208278,0
TG,Unknown,121,1,183,0,0,0,1189,9,1121,0,0,0,0,671463,3956,663498,0,0,0
TG,Vikarabad,0,0,0,111,12,0,0,0,0,20014,5848,0,881250,0,0,0,427669,87989,0
TG,Wanaparthy,0,0,0,243,119,0,0,0,0,13905,10313,0,751553,0,0,0,289412,81870,0
TG,Warangal Rural,0,0,0,2416,1350,0,0,0,0,25045,13208,0,716457,0,0,0,342881,105289,0
TG,Warangal Urban,0,0,0,42,101,0,0,0,0,21854,63907,0,1135707,0,0,0,687410,418947,0
TG,Yadadri Bhuvanagiri,0,0,0,4429,739,0,0,0,0,38752,28567,0,726465,0,0,0,463854,223506,0
TN,Airport Quarantine,0,0,0,0,0,0,1,0,1,0,0,0,0,2113,2,2107,0,0,0
TN,Ariyalur,5,0,3,1127,3941,0,35,1,44,19203,29689,0,752481,16854,261,16548,475390,157166,18285
TN,Chengalpattu,83,2,93,3145,3415,0,627,5,706,26704,39438,0,2556244,171777,2506,168327,1337641,604784,51771
TN,Chennai,118,4,143,4126,8535,0,880,12,1093,52515,124932,0,7100000,554672,8546,544701,4532809,2671294,2667777
TN,Coimbatore,120,1,126,770,2853,0,869,15,988,20971,79387,0,3472578,246780,2416,243070,2717202,1205484,102107
TN,Cuddalore,16,0,18,9299,22186,0,129,0,132,51773,101735,0,2600880,64085,867,62997,1529591,646400,36434
TN,Dharmapuri,16,0,21,811,1674,0,110,1,161,13388,27153,0,1502900,28425,274,27957,770955,279901,163803
TN,Dindigul,9,0,7,321,1040,0,58,1,51,19630,57260,0,2161367,33099,645,32348,1236504,493453,27800
TN,Erode,68,2,94,244,899,0,477,4,573,16741,46724,0,2259608,104303,686,102836,1370925,552624,66240
TN,Kallakurichi,14,0,23,4089,7322,0,66,0,118,22603,52087,0,1370281,31364,210,31056,696213,299822,28314
TN,Kancheepuram,30,0,37,679,1040,0,225,2,259,13961,24360,0,1166401,74970,1258,73386,663206,250181,37505
TN,Kanyakumari,17,0,12,431,1276,0,120,0,102,17732,51185,0,1863178,62362,1048,61112,1100888,450620,79600
TN,Karur,20,0,16,74,834,0,136,1,90,5882,32339,0,1076588,24091,356,23523,626136,289120,17190
TN,Krishnagiri,16,0,19,404,1731,0,134,1,160,15883,37027,0,1883731,43570,348,43036,1040491,407695,14284
TN,Madurai,13,0,17,1060,2012,0,99,3,122,26340,42498,0,3991038,75215,1172,73853,1500331,583138,97279
TN,Mayiladuthurai,3,0,10,0,0,0,41,0,80,0,0,0,901000,23280,316,22878,0,0,0
TN,Nagapattinam,16,1,20,273,953,0,97,10,121,8662,23176,0,1614069,21074,346,20561,813495,289588,20984
TN,Namakkal,43,0,51,168,442,0,315,2,397,12694,28265,0,1721179,52245,498,51253,987830,397079,24758
TN,Nilgiris,20,2,25,71,1092,0,124,3,220,1613,31952,0,735071,33566,212,33164,501986,343811,45839
TN,Perambalur,2,0,5,383,2161,0,26,0,27,4307,17440,0,564511,12067,243,11790,326872,136491,7981
TN,Pudukkottai,12,0,8,554,2862,0,75,2,68,10691,34202,0,1918725,30183,416,29627,827320,314780,20835
TN,Railway Quarantine,0,0,0,0,0,0,0,0,0,0,0,0,0,428,0,428,0,0,0
TN,Ramanathapuram,3,0,6,852,2329,0,25,0,55,9961,32447,0,1337560,20564,357,20158,660673,280037,23389
TN,Ranipet,14,0,14,506,485,0,69,2,73,10793,13744,0,1210277,43436,775,42557,557267,174051,20118
TN,Salem,62,1,67,396,2125,0,427,3,442,25814,66134,0,3480008,99893,1685,97619,1925084,791376,79660
TN,Sivaganga,13,0,9,195,564,0,82,0,78,10170,31816,0,1341250,20195,206,19854,726010,287468,25824
TN,Tenkasi,4,0,4,291,446,0,25,0,14,16935,21454,0,1407627,27357,484,26834,736882,233177,26338
TN,Thanjavur,37,0,59,12155,2378,0,310,6,428,49025,31228,0,2402781,75352,972,73874,1224986,486660,67445
TN,Theni,1,1,5,379,1536,0,15,1,23,11199,33309,0,1243684,43571,521,43018,660187,304832,45839
TN,Thiruvallur,28,0,55,2328,4382,0,252,3,396,25332,47695,0,3725697,119370,1842,117138,1425728,563426,67948
TN,Thiruvarur,23,2,22,291,624,0,170,5,253,13453,29614,0,1268094,41461,442,40760,630274,246969,67445
TN,Thoothukkudi,11,1,9,11497,1612,0,85,1,90,46323,22453,0,1738376,56304,409,55757,984706,328797,49288
TN,Tiruchirappalli,37,0,49,2445,892,0,302,5,334,32150,48874,0,2713858,77534,1059,76038,1468456,636356,92586
TN,Tirunelveli,11,1,13,940,627,0,93,1,125,22582,19904,0,1665253,49374,432,48812,815687,275985,54208
TN,Tirupathur,10,0,8,311,525,0,50,0,66,11111,24743,0,1111812,29301,625,28600,541496,205219,23998
TN,Tiruppur,69,1,53,133,443,0,504,5,537,20414,50762,0,2471222,95405,979,93683,1671392,611015,36301
TN,Tiruvannamalai,18,0,28,4455,10228,0,120,0,158,31415,73235,0,2468965,54968,667,54122,1270049,533376,76170
TN,Vellore,12,0,15,953,1825,0,117,1,139,18978,31716,0,1614242,49864,1131,48564,763735,336366,47936
TN,Viluppuram,10,0,11,12953,11812,0,79,1,83,53748,67153,0,2093003,45857,356,45382,1085842,444502,52064
TN,Virudhunagar,5,0,8,1007,3437,0,38,0,45,16628,50467,0,1943309,46294,548,45687,1072788,505098,28620
TR,Dhalai,0,0,0,5,531,0,1,0,2,264,11234,0,377988,7037,35,7000,258334,164654,61582
TR,Gomati,0,0,0,0,1,0,8,0,3,319,9611,0,436868,8134,74,8043,279099,161408,47437
TR,Khowai,2,0,0,0,0,0,3,0,0,373,5866,0,327391,4559,54,4500,202148,111955,24046
TR,North Tripura,2,0,0,0,0,0,4,0,8,352,4099,0,415946,7250,34,7199,283802,190594,100931
TR,Sipahijala,0,0,0,0,9,0,8,0,4,451,10397,0,484233,6360,75,6273,330932,211903,53067
TR,South Tripura,1,0,0,0,1,0,4,0,1,267,5639,0,433737,10168,53,10104,303987,209259,83030
TR,Unokoti,1,0,0,0,5,0,4,0,3,762,10307,0,277335,8609,68,8530,173390,101178,34930
TR,West Tripura,6,0,2,5,13,0,55,0,41,1366,17141,0,917534,32351,420,31817,676784,470030,202939
UP,Agra,0,0,0,178,265,0,0,0,2,23657,42953,0,4380793,25765,457,25308,2172907,746386,491361
UP,Aligarh,0,0,0,9,25,0,0,0,0,34650,57576,0,3673849,21280,108,21172,1589498,498586,482825
UP,Ambedkar Nagar,0,0,0,138,145,0,1,0,0,21528,32042,0,2398709,5040,152,4885,1135268,349925,123151
UP,Amethi,0,0,0,165,11,0,0,0,2,19777,37617,0,2549935,9972,143,9828,1015454,375261,267014
UP,Amroha,0,0,0,6,8,0,0,0,0,16080,23048,0,1838771,16616,203,16412,871164,265607,254038
UP,Auraiya,0,0,0,0,0,0,0,0,0,6878,16443,0,1372287,10090,203,9887,614711,180775,107079
UP,Ayodhya,0,0,0,217,452,0,0,0,1,26036,37279,0,2468371,16919,290,16629,1270889,418182,376735
UP,Azamgarh,0,0,0,1764,3111,0,2,0,0,41754,63205,0,4616509,17906,228,17675,2165409,643824,12474
UP,Baghpat,0,0,0,10,52,0,0,0,0,7829,24151,0,1302156,9132,141,8991,692255,337171,327192
UP,Bahraich,0,0,0,648,1565,0,0,0,0,54069,106010,0,2384239,11549,178,11371,1752196,642554,308225
UP,Ballia,0,0,0,86,170,0,0,0,0,29248,48334,0,3223642,21610,234,21376,1433455,388341,267420
UP,Balrampur,1,0,0,747,630,0,2,0,0,21033,56322,0,2149066,7494,138,7354,995084,438892,276237
UP,Banda,0,0,0,486,432,0,1,0,0,38560,36938,0,1799541,10992,158,10832,795903,236840,303185
UP,Barabanki,0,0,0,11,44,0,1,0,0,51121,59870,0,3257983,19850,225,19624,1589704,448292,147422
UP,Bareilly,0,0,0,6458,255,0,1,0,1,68245,64148,0,4465344,44028,377,43650,2221830,749751,465209
UP,Basti,1,0,0,3555,4769,0,2,0,0,24797,39395,0,2461056,11717,330,11385,1189235,399451,296570
UP,Bhadohi,0,0,0,6,7,0,0,0,1,15479,20211,0,1554203,7720,163,7557,793094,244431,119023
UP,Bijnor,0,0,0,-1,1,0,0,0,0,27491,53680,0,3683896,14794,126,14668,1756682,600482,312985
UP,Budaun,0,0,0,581,417,0,0,0,0,53729,43678,0,3712738,14941,98,14843,1408673,364360,224207
UP,Bulandshahr,0,0,0,2,46,0,0,1,0,18195,42644,0,3498507,20215,243,19972,1647985,646236,269090
UP,Chandauli,0,0,0,192,395,0,0,0,1,19998,31247,0,1952713,16208,356,15852,939599,238646,211249
UP,Chitrakoot,0,0,0,329,536,0,0,0,0,13007,16383,0,990626,7110,79,7031,447303,129157,234060
UP,Deoria,0,0,0,81,167,0,0,0,0,29495,67895,0,3098637,20223,220,20003,1597034,537293,304520
UP,Etah,0,0,0,475,170,0,0,0,0,16622,25756,0,1761152,9968,99,9868,788675,213371,263295
UP,Etawah,0,0,0,873,984,0,0,0,0,52312,35349,0,1579160,13933,293,13640,708258,253661,297761
UP,Farrukhabad,0,0,0,81,439,0,1,0,0,15703,28433,0,1887577,10348,194,10153,833824,229745,231856
UP,Fatehpur,0,0,0,53,168,0,1,0,0,13675,42615,0,2632684,6814,139,6674,1246314,410120,82928
UP,Firozabad,0,0,0,5881,3105,0,0,0,0,66838,47728,0,2496761,8720,135,8585,1005224,328351,322656
UP,Gautam Buddha Nagar,1,0,2,100,816,0,6,0,13,22023,43162,0,1674714,63353,467,62876,1799728,974353,675396
UP,Ghaziabad,1,0,0,3698,4330,0,3,0,2,47837,71692,0,4661452,55673,461,55207,2247039,1071908,712611
UP,Ghazipur,0,0,0,241,524,0,0,0,2,22615,43797,0,3622727,21641,282,21359,1690195,509886,265737
UP,Gonda,0,0,0,40,1698,0,0,0,0,22042,51150,0,3431386,12282,266,12016,1604382,555773,241234
UP,Gorakhpur,0,0,1,96,377,0,1,0,4,33169,69539,0,4436275,59439,848,58588,2347051,889085,480536
UP,Hamirpur,0,0,0,3,0,0,0,0,0,11985,14350,0,1104021,5232,102,5130,561456,185949,240382
UP,Hapur,0,0,0,127,307,0,0,0,2,15823,21964,0,1338211,12638,217,12421,658863,254519,299725
UP,Hardoi,0,0,0,221,594,0,0,0,0,29546,66612,0,4091380,13755,349,13406,1852490,537647,224784
UP,Hathras,0,0,0,0,1,0,0,0,0,16507,25542,0,1565678,2920,43,2877,701190,234481,260525
UP,Jalaun,0,0,0,18,30,0,3,0,0,14119,21614,0,1670718,11687,202,11482,819651,251406,221719
UP,Jaunpur,0,0,0,209,3689,0,0,0,2,41689,67101,0,4476072,22584,235,22349,2189622,667013,322824
UP,Jhansi,1,0,0,14,14,0,1,0,0,10719,25914,0,2000755,36556,663,35892,1132511,379818,312540
UP,Kannauj,0,0,0,82,431,0,0,0,0,24440,44639,0,1658005,9231,114,9115,755119,257048,124019
UP,Kanpur Dehat,0,0,0,47,85,0,0,0,0,27985,38783,0,1795092,6197,110,6087,923661,290898,344697
UP,Kanpur Nagar,0,0,0,38,96,0,3,0,1,64788,66517,0,4572951,82933,1905,81024,2251558,859280,685820
UP,Kasganj,0,0,0,51,29,0,0,0,0,8148,13675,0,1438156,4250,53,4197,608818,147948,271969
UP,Kaushambi,0,0,0,94,35,0,1,0,0,38263,28403,0,1596909,4424,70,4353,760960,218775,207064
UP,Kushinagar,0,0,0,211,585,0,0,0,0,16785,46465,0,3560830,15617,228,15389,1632782,458054,314772
UP,Lakhimpur Kheri,0,0,0,1183,1370,0,1,0,0,46453,51586,0,4013634,24410,292,24117,1829019,382178,368533
UP,Lalitpur,0,0,0,4,8,0,1,0,0,8010,13539,0,1218002,12742,128,12613,627553,143519,21781
UP,Lucknow,0,0,0,10826,11083,0,10,0,10,69404,107763,0,4588455,238839,2651,236165,3106658,1488333,1237583
UP,Maharajganj,0,0,0,53,316,0,0,0,0,20643,36312,0,2665292,12440,140,12300,1283534,372559,334716
UP,Mahoba,0,0,0,10,9,0,0,0,0,4765,8960,0,876055,4268,86,4182,444352,148388,142992
UP,Mainpuri,0,0,0,647,1354,0,0,0,0,31507,37443,0,1847194,10028,182,9846,860461,219990,228496
UP,Mathura,0,0,0,63,164,0,1,0,1,10807,23027,0,2541894,20297,402,19893,1207578,418117,198379
UP,Mau,0,0,0,787,453,0,1,0,1,25202,32390,0,2205170,8333,80,8252,1017497,307052,281445
UP,Meerut,1,0,0,25,79,0,13,0,3,25100,57600,0,3447405,69480,898,68567,1764744,842448,798404
UP,Mirzapur,0,0,1,787,419,0,0,0,1,24968,41785,0,2494533,11088,116,10972,1335308,462157,312764
UP,Moradabad,0,0,1,3951,2357,0,0,0,1,52013,39070,0,4773138,39102,349,38752,1390249,443211,400459
UP,Muzaffarnagar,0,0,0,979,707,0,1,0,0,15476,38924,0,4138605,31009,269,30737,1264005,467387,161704
UP,Pilibhit,0,0,0,2,1,0,0,0,0,9611,17989,0,2037225,11032,193,10838,978332,256931,291538
UP,Pratapgarh,0,0,0,1796,1482,0,0,0,0,40603,47832,0,3173752,16038,163,15875,1480021,456869,100500
UP,Prayagraj,0,0,1,17,48,0,1,0,6,75719,79660,0,5959798,78699,1088,77609,2731341,862244,729300
UP,Rae Bareli,0,0,0,576,429,0,0,0,0,33906,46996,0,3404004,17104,343,16761,1436175,344694,387408
UP,Rampur,0,0,0,3,1,0,2,0,0,23526,28753,0,2335398,11826,148,11676,989666,250420,274288
UP,Saharanpur,0,0,0,6,17,0,0,0,0,19216,33326,0,3464228,32730,420,32309,1638111,576986,266387
UP,Sambhal,0,0,0,1708,411,0,0,0,0,27630,23914,0,2217020,9438,106,9331,893786,204352,309333
UP,Sant Kabir Nagar,0,0,0,82,202,0,0,0,0,44511,26920,0,1714300,8159,98,8061,799506,195105,292606
UP,Shahjahanpur,0,0,0,3563,969,0,0,0,0,185421,79519,0,3002376,20361,444,19916,1743273,538827,437195
UP,Shamli,0,0,0,24,14,0,0,0,0,12602,16389,0,1274815,12976,45,12931,604968,206438,246597
UP,Shrawasti,0,0,0,37,120,0,0,0,0,7342,17808,0,1114615,4388,35,4353,515155,181654,221566
UP,Siddharthnagar,0,0,0,250,2209,0,0,0,0,18746,53973,0,2553526,9373,100,9273,1225133,479630,295047
UP,Sitapur,0,0,0,81,197,0,0,0,0,33825,52112,0,4474446,12398,185,12211,2139996,497241,289473
UP,Sonbhadra,0,0,0,200,157,0,0,0,0,21438,24430,0,1862612,16807,251,16556,812891,236871,306175
UP,Sultanpur,0,0,0,2,18,0,0,0,0,14962,31247,0,3790922,14915,138,14777,1178195,370998,309395
UP,Unnao,0,0,0,201,948,0,0,0,0,26506,41790,0,3110595,15011,254,14757,1554190,420513,298886
UP,Varanasi,0,0,0,159,441,0,2,0,1,38187,55104,0,3682194,85501,971,84528,2109381,843905,595510
UT,Almora,0,0,0,37,416,0,7,0,7,729,10440,0,621927,12190,196,11378,378242,215715,84443
UT,Bageshwar,0,0,0,75,1286,0,1,0,0,371,6323,0,259840,5764,60,5678,183447,131244,55626
UT,Chamoli,0,0,0,13,268,0,4,0,4,822,11652,0,391114,12242,62,11972,273850,191420,90390
UT,Champawat,1,0,0,44,613,0,3,0,0,754,6007,0,259315,7603,53,7358,183354,119870,95068
UT,Dehradun,3,0,4,308,3611,0,30,0,24,5963,49795,0,1698560,112363,3521,108137,1465464,793803,401496
UT,Haridwar,1,0,0,224,1907,0,10,1,8,3960,52191,0,1927029,51498,1019,49096,1456257,635360,369542
UT,Nainital,0,0,3,31,288,0,10,0,14,2285,16850,0,955128,39232,944,38140,722854,398680,204422
UT,Pauri Garhwal,0,0,0,25,108,0,3,0,5,2116,14253,0,686527,17686,315,16668,431320,229262,138878
UT,Pithoragarh,0,0,1,89,609,0,3,0,6,930,10608,0,485993,10260,181,9962,318644,183765,72686
UT,Rudraprayag,0,0,1,30,326,0,0,0,3,416,6212,0,236857,8800,106,8535,170911,113480,52378
UT,Tehri Garhwal,0,0,0,12,120,0,0,0,0,2235,15658,0,616409,15835,108,14827,381493,206527,105111
UT,Udham Singh Nagar,0,0,0,167,3581,0,0,0,3,3588,48283,0,1648367,37875,761,36315,1277738,518326,337292
UT,Uttarkashi,0,0,0,12,83,0,4,0,0,1063,9910,0,329686,12548,74,12129,234425,160687,120026
WB,Alipurduar,4,0,5,579,1298,0,31,0,35,38488,29790,0,1700000,15589,102,15441,949775,353666,0
WB,Bankura,30,0,21,38854,5692,0,161,1,133,220390,76120,0,3596292,36313,274,35839,2245147,706177,0
WB,Birbhum,20,0,20,6911,2868,0,176,0,102,99629,84919,0,3502387,41197,286,40727,2152966,846286,0
WB,Cooch Behar,10,0,13,3386,395,0,77,0,93,122592,26214,0,2822780,29275,97,29060,1444232,421663,0
WB,Dakshin Dinajpur,14,0,16,724,998,0,111,1,108,53398,21657,0,1670931,17889,170,17573,1063493,363056,0
WB,Darjeeling,23,0,31,945,1844,0,189,1,214,21148,69087,0,1842034,57143,539,56326,1324555,664306,0
WB,Hooghly,58,0,74,41006,9034,0,472,2,497,274722,105570,0,5520389,86300,990,84650,3368156,1343978,0
WB,Howrah,73,0,73,14299,4502,0,518,2,473,207351,95203,0,4841638,98757,1524,96567,2905925,1254076,0
WB,Jalpaiguri,16,1,17,9642,3130,0,102,6,120,53967,63773,0,3869675,41982,572,41256,1144138,410719,0
WB,Jhargram,3,0,5,477,700,0,25,0,39,39020,19553,0,1136548,12135,27,12063,714456,211586,0
WB,Kalimpong,2,0,4,8,429,0,18,0,28,513,10626,0,251642,7036,54,6950,180713,124420,0
WB,Kolkata,274,6,244,334,1626,0,1843,25,1553,36977,206020,0,4486679,322541,5152,315146,4784084,3039486,0
WB,Malda,32,0,8,2191,1771,0,77,0,51,227391,55976,0,3997970,33406,186,33121,2029144,590497,0
WB,Murshidabad,5,0,8,17667,1587,0,48,1,40,621102,86224,0,7102430,33993,328,33605,3952659,976111,0
WB,Nadia,31,1,48,15875,1863,0,302,8,326,251739,89327,0,5168488,73333,859,72054,2798942,884320,0
WB,North 24 Parganas,144,6,147,5231,7658,0,1066,27,961,235852,241201,0,10082852,329257,4833,323097,6547702,2720315,0
WB,Other State,0,0,0,0,0,0,0,0,0,0,0,0,0,66,3,63,0,0,0
WB,Paschim Bardhaman,32,0,25,286,786,0,213,1,149,94473,72103,0,2882031,57778,356,57184,1789611,677747,0
WB,Paschim Medinipur,26,0,28,6512,1457,0,181,1,198,270458,66132,0,5094238,53581,507,52820,2758576,877978,0
WB,Purba Bardhaman,16,0,25,17168,4002,0,147,2,176,260764,51741,0,4835532,42005,198,41588,2596246,859528,0
WB,Purba Medinipur,16,0,17,5370,2226,0,94,1,120,71724,144185,0,4417377,63098,397,62549,3560589,1471674,0
WB,Purulia,2,0,3,13266,1866,0,17,0,21,159111,40922,0,2927965,19419,113,19283,1679941,492310,0
WB,South 24 Parganas,75,1,74,7086,3270,0,542,5,470,310444,169231,0,8153176,100957,1336,98950,4850898,1832073,0
WB,Uttar Dinajpur,8,0,7,0,0,0,43,2,46,130243,44686,0,3000849,19858,238,19559,1341457,436182,0
